,0,1,2,3,4,5,6,7,8,9,10,11,12,13,14,15,16,17,18,19,20,21,22,23,24
0,,,,,,,,,,2RS1,2RSH,,,,,,,,,,,,,,
1,,,,,,,2Z,,,,,,,,,,,,,,,,,,
2,,Principal dimensions,,,Basic load ratings,Fatigue,Speed ratings,,Mass,,Designations,,,,,,,,,,,,,,
3,,,,dynamic,static,load limit,Reference,Limiting,,,Bearing,,,,,,,,,,,,,,
4,,,,,,,speed,speed1),,,open or capped,capped on one,,,,,,,,,,,,,
5,d,D,B,C,C0,Pu,,,,,on both sides,side1),,,≈,≈,≈,≈,min,min,max,max,max,,
6,mm,,,kN,,kN,r/min,,kg,,–,,,mm,,,,,,mm,,,,–,
7,3,10,4,"0,54","0,18",7,130 000,80 000,"0,0015",▶,623,–,,3,"5,2",–,–,"8,2","0,15","4,2",–,"8,8","0,1",25,"7,5"
8,,10,4,"0,54","0,18",7,–,40 000,"0,0015",▶,623-2RS1,623-RS1,,,"5,2",–,–,"8,2","0,15","4,2","5,1","8,8","0,1",25,"7,5"
9,,10,4,"0,54","0,18",7,130 000,60 000,"0,0015",▶,623-2Z,623-Z,,,"5,2",–,–,"8,2","0,15","4,2","5,1","8,8","0,1",25,"7,5"
10,4,9,"2,5",423,116,5,140 000,85 000,"0,0007",,618/4,–,,4,"5,2",–,"7,5",–,"0,1","4,6",–,"8,4","0,1",15,"6,5"
11,,9,"3,5","0,54","0,18","0,07",140 000,70 000,1,,628/4-2Z,–,,,"5,2",–,–,"8,1","0,1","4,6","5,1","8,4","0,1",15,10
12,,9,4,"0,54","0,18","0,07",140 000,70 000,"0,0013",,638/4-2Z,–,,,"5,2",–,–,"8,1","0,1","4,6","5,1","8,4","0,1",15,10
13,,11,4,624,"0,18",8,130 000,63 000,"0,0017",,619/4-2Z,–,,,"6,1",–,–,"9,9","0,15","4,8","5,8","10,2","0,1","0,02","6,4"
14,,11,4,624,"0,18",8,130 000,80 000,"0,0017",,619/4,–,,,"6,1",–,–,"9,9","0,15","4,8",–,"10,2","0,1","0,02","6,4"
15,,12,4,806,"0,28",12,120 000,75 000,"0,0021",,604,–,,,"6,1",–,–,"9,8","0,2","5,4",–,"10,6","0,2",25,10
16,,12,4,806,"0,28",12,120 000,60 000,"0,0021",▶,604-2Z,604-Z,,,"6,1",–,–,"9,8","0,2","5,4",6,"10,6","0,2",25,10
17,,13,5,936,"0,29",12,110 000,67 000,"0,0031",▶,624,–,,,"6,7",–,–,"11,2","0,2","5,8",–,"11,2","0,2",25,10
18,,13,5,936,"0,29",12,110 000,53 000,"0,0031",▶,624-2Z,624-Z,,,"6,7",–,–,"11,2","0,2","5,8","6,6","11,2","0,2",25,"7,3"
19,,16,5,"1,11","0,38",16,95 000,60 000,"0,0054",,634,–,,,"8,4",–,–,"13,3","0,3","6,4",–,"13,6","0,3","0,03","8,4"
20,,16,5,"1,11","0,38",16,–,28 000,"0,0054",,634-2RS1,634-RS1,,,"8,4",–,–,"13,3","0,3","6,4","8,3","13,6","0,3","0,03","8,4"
21,,16,5,"1,11","0,38",16,95 000,48 000,"0,0054",,634-2RZ,634-RZ,,,"8,4",–,–,"13,3","0,3","6,4","8,3","13,6","0,3","0,03","8,4"
22,,16,5,"1,11","0,38",16,95 000,48 000,"0,0054",▶,634-2Z,634-Z,,,"8,4",–,–,"13,3","0,3","6,4","8,3","13,6","0,3","0,03","8,4"
23,5,11,3,468,143,6,120 000,75 000,"0,0012",,618/5,–,,5,"6,8",–,"9,2",–,"0,15","5,8",–,"10,2","0,1",15,"7,1"
24,,11,4,"0,64","0,26",11,120 000,60 000,"0,0014",,628/5-2Z,–,,,"6,8",–,–,"9,9","0,15","5,8","6,7","10,2","0,1",15,11
25,,11,5,"0,64","0,26",11,120 000,60 000,"0,0016",,638/5-2Z,–,,,–,"6,2",–,"9,9","0,15","5,8",6,"10,2","0,1",15,11
26,,13,4,884,335,14,110 000,50 000,"0,0025",,619/5-2Z,–,,,"7,5",–,–,"11,2","0,2","6,4","7,5","11,6","0,2","0,02",11
27,,13,4,884,335,14,110 000,70 000,"0,0025",,619/5,–,,,"7,5",–,–,"11,2","0,2","6,4",–,"11,6","0,2","0,02",11
28,,16,5,"1,14","0,38",16,95 000,60 000,5,▶,625,–,,,"8,4",–,–,"13,3","0,3","7,4",–,"13,6","0,3",25,"8,4"
29,,16,5,"1,14","0,38",16,95 000,48 000,5,▶,625-2Z,625-Z,,,"8,4",–,–,"13,3","0,3","7,4","8,3","13,6","0,3",25,"8,4"
30,,19,6,"2,34","0,95","0,04",80 000,50 000,"0,0085",,635,–,,,"11,1",–,–,"16,5","0,3","7,4",–,"16,6","0,3","0,03",13
31,,19,6,"2,34","0,95","0,04",–,24 000,9,,635-2RS1,635-RS1,,,"11,1",–,–,"16,5","0,3","7,4","10,6","16,6","0,3","0,03",13
32,,19,6,"2,34","0,95","0,04",80 000,40 000,9,,635-2RZ,635-RZ,,,"11,1",–,–,"16,5","0,3","7,4","10,6","16,6","0,3","0,03",13
33,,19,6,"2,34","0,95","0,04",80 000,40 000,"0,0093",▶,635-2Z,635-Z,,,"11,1",–,–,"16,5","0,3","7,4","10,6","16,6","0,3","0,03",13
34,6,13,"3,5",715,224,"0,01",110 000,67 000,2,,618/6,–,,6,8,–,11,–,"0,15","6,8",–,"12,2","0,1",15,7
35,,13,5,"0,88","0,35",15,110 000,53 000,"0,0026",,628/6-2Z,–,,,–,"7,4",–,"11,7","0,15","6,8","7,2","12,2","0,1",15,11
36,,15,5,884,"0,27",11,100 000,50 000,"0,0039",,619/6-2Z,–,,,"8,2",–,–,13,"0,2","7,4",8,"13,6","0,2","0,02","6,8"
37,,15,5,884,"0,27",11,100 000,63 000,"0,0039",,619/6,–,,,"8,2",–,–,13,"0,2","7,4",–,"13,6","0,2","0,02","6,8"
38,,19,6,"2,34","0,95","0,04",80 000,50 000,"0,0081",▶,626,–,,,"11,1",–,–,"16,5","0,3","8,4",–,"16,6","0,3",25,13
39,,19,6,"2,34","0,95","0,04",–,24 000,"0,0083",▶,626-2RSH,626-RSH,,,–,"9,5",–,"16,5","0,3","8,4","9,4","16,6","0,3",25,13
40,,19,6,"2,34","0,95","0,04",80 000,40 000,"0,0083",▶,626-2RSL,626-RSL,,,–,"9,5",–,"16,5","0,3","8,4","9,4","16,6","0,3",25,13
41,,19,6,"2,34","0,95","0,04",80 000,40 000,"0,0088",▶,626-2Z,626-Z,,,"11,1",–,–,"16,5","0,3","8,4",11,"16,6","0,3",25,13
42,7,14,"3,5","0,78","0,26",11,100 000,63 000,"0,0022",,618/7,,–,7,9,–,12,–,"0,15","7,8",–,"13,2","0,1",15,
43,,14,5,956,"0,4",17,100 000,50 000,"0,0031",,628/7-2Z,,–,,–,"8,5",–,"12,7","0,15","7,8",8,"13,2","0,1",15,
44,,17,5,"1,06",375,16,90 000,45 000,"0,0049",,619/7-2Z,,–,,"10,4",–,–,"14,3","0,3",9,"9,7",15,"0,3","0,02",
45,,17,5,"1,06",375,16,90 000,56 000,"0,0049",,619/7,,–,,"10,4",–,–,"14,3","0,3",9,–,15,"0,3","0,02",
46,,19,6,"2,34","0,95","0,04",85 000,53 000,"0,0076",▶,607,,–,,"11,1",–,–,"16,5","0,3",9,–,17,"0,3",25,
47,,19,6,"2,34","0,95","0,04",–,24 000,"0,0078",▶,607-2RSH,,607-RSH,,–,"9,5",–,"16,5","0,3",9,"9,4",17,"0,3",25,
48,,19,6,"2,34","0,95","0,04",85 000,43 000,"0,0078",▶,607-2RSL,,607-RSL,,–,"9,5",–,"16,5","0,3",9,"9,4",17,"0,3",25,
49,,19,6,"2,34","0,95","0,04",85 000,43 000,"0,0084",▶,607-2Z,,607-Z,,"11,1",–,–,"16,5","0,3",9,11,17,"0,3",25,
50,,22,7,"3,45","1,37",57,70 000,45 000,12,▶,627,,–,,"12,1",–,–,"19,2","0,3","9,4",–,"19,6","0,3",25,
51,,22,7,"3,45","1,37",57,–,22 000,13,▶,627-2RSH,,627-RSH,,–,"10,5",–,"19,2","0,3","9,4","10,5","19,6","0,3",25,
52,,22,7,"3,45","1,37",57,70 000,36 000,13,▶,627-2RSL,,627-RSL,,–,"10,5",–,"19,2","0,3","9,4","10,5","19,6","0,3",25,
53,,22,7,"3,45","1,37",57,70 000,36 000,13,▶,627-2Z,,627-Z,,"12,1",–,–,"19,2","0,3","9,4","12,1","19,6","0,3",25,
54,8,16,4,819,"0,3",12,90 000,56 000,3,,618/8,,–,8,"10,5",–,"13,5",–,"0,2","9,4",–,"14,6","0,2",15,
55,,16,5,"1,33","0,57",24,–,26 000,"0,0036",▶,628/8-2RS1,,–,,"10,1",–,–,"14,2","0,2","9,4","9,4","14,6","0,2",15,
56,,16,5,"1,33","0,57",24,90 000,45 000,"0,0036",▶,628/8-2Z,,–,,"10,1",–,–,"14,2","0,2","9,4",10,"14,6","0,2",15,
57,,16,6,"1,33","0,57",24,90 000,45 000,"0,0043",,638/8-2Z,,–,,–,"9,6",–,"14,2","0,2","9,4","9,5","14,6","0,2",15,
58,,19,6,"1,46",465,"0,02",–,24 000,"0,0071",,619/8-2RS1,,–,,–,"9,8",–,"16,7","0,3","9,5","9,8",17,"0,3","0,02",
59,,19,6,"1,46",465,"0,02",85 000,43 000,"0,0071",,619/8-2Z,,–,,–,"9,8",–,"16,7","0,3","9,5","9,8",17,"0,3","0,02",
60,,19,6,"1,46",465,"0,02",85 000,53 000,"0,0071",,619/8,,–,,"10,5",–,–,"16,7","0,3",10,–,17,"0,3","0,02",
61,,19,6,"2,34","0,95","0,04",85 000,43 000,"0,0072",,607/8-2Z,,607/8-Z,,"11,1",–,–,"16,5","0,3",10,11,17,"0,3",25,
62,,22,7,"3,45","1,37",57,75 000,48 000,12,▶,608,,–,,"12,1",–,–,"19,2","0,3",10,–,20,"0,3",25,
63,,22,7,"3,45","1,37",57,–,22 000,12,▶,608-2RSH,▶,608-RSH,,–,"10,5",–,"19,2","0,3",10,"10,5",20,"0,3",25,
64,,22,7,"3,45","1,37",57,75 000,38 000,12,▶,608-2RSL,,608-RSL,,–,"10,5",–,"19,2","0,3",10,"10,5",20,"0,3",25,
65,,22,7,"3,45","1,37",57,75 000,38 000,13,▶,608-2Z,,608-Z,,"12,1",–,–,"19,2","0,3",10,12,20,"0,3",25,
66,,22,11,"3,45","1,37",57,–,22 000,16,▶,630/8-2RS1,,–,,"11,8",–,–,19,"0,3",10,"11,7",20,"0,3",25,
67,,24,8,"3,9","1,66",71,63 000,40 000,18,,628,,–,,"14,4",–,–,"21,2","0,3","10,4",–,"21,6","0,3",25,
68,,24,8,"3,9","1,66",71,–,19 000,17,,628-2RS1,,628-RS1,,"14,4",–,–,"21,2","0,3","10,4","14,4","21,6","0,3",25,
69,,24,8,"3,9","1,66",71,63 000,32 000,17,,628-2RZ,,628-RZ,,"14,4",–,–,"21,2","0,3","10,4","14,4","21,6","0,3",25,
70,,24,8,"3,9","1,66",71,63 000,32 000,18,▶,628-2Z,,628-Z,,"14,4",–,–,"21,2","0,3","10,4","14,4","21,6","0,3",25,
71,,28,9,"1,33","0,57",24,60 000,30 000,"0,03",,638-2RZ,,638-RZ,,"14,8",–,–,"22,6","0,3","10,4","14,7","25,6","0,3","0,03",
72,9,17,4,871,"0,34",14,85 000,53 000,"0,0034",,618/9,,–,9,"11,5",–,"14,5",–,"0,2","10,4",–,"15,6","0,2",15,
73,,17,5,"1,43","0,64",27,–,24 000,"0,0043",,628/9-2RS1,,–,,–,"10,7",–,"15,2","0,2","10,4","10,5","15,6","0,2",15,
74,,17,5,"1,43","0,64",27,85 000,43 000,"0,0043",,628/9-2Z,,628/9-Z,,–,"10,7",–,"15,2","0,2","10,4","10,5","15,6","0,2",15,
75,,20,6,"2,34","0,98",43,80 000,40 000,"0,0076",,619/9-2Z,,–,,"11,6",–,–,"17,5","0,3",11,"11,5",18,"0,3","0,02",
76,,20,6,"2,34","0,98",43,80 000,50 000,"0,0076",,619/9,,–,,"11,6",–,–,"17,5","0,3",11,–,18,"0,3","0,02",
77,,24,7,"3,9","1,66",71,70 000,43 000,14,▶,609,,–,,"14,4",–,–,"21,2","0,3",11,–,22,"0,3",25,
78,9,24,7,"3,9","1,66",71,–,19 000,15,▶,609-2RSH,,609-RSH,9,–,"12,8",–,"21,2","0,3",11,"12,5",22,"0,3",25,13
79,cont,24,7,"3,9","1,66",71,70 000,34 000,14,▶,609-2RSL,,609-RSL,cont,–,"12,8",–,"21,2","0,3",11,"12,5",22,"0,3",25,13
80,,24,7,"3,9","1,66",71,70 000,34 000,15,▶,609-2Z,,609-Z,,"14,4",–,–,"21,2","0,3",11,"14,3",22,"0,3",25,13
81,,26,8,"4,75","1,96",83,60 000,38 000,"0,02",▶,629,,–,,"14,8",–,–,"22,6","0,3","11,4",–,"23,6","0,3",25,12
82,,26,8,"4,75","1,96",83,–,19 000,"0,02",▶,629-2RSH,,629-RSH,,–,"12,5",–,"22,6","0,3","11,4","12,5","23,6","0,3",25,12
83,,26,8,"4,75","1,96",83,60 000,30 000,"0,02",▶,629-2RSL,,629-RSL,,–,"12,5",–,"22,6","0,3","11,4","12,5","23,6","0,3",25,12
84,,26,8,"4,75","1,96",83,60 000,30 000,21,▶,629-2Z,,629-Z,,"14,8",–,–,"22,6","0,3","11,4","14,7","23,6","0,3",25,12
85,10,19,5,"1,72","0,83",36,–,22 000,"0,0055",,61800-2RS1,,–,10,–,"11,8",–,"17,2","0,3","11,8","11,8",17,"0,3",15,15
86,,19,5,"1,72","0,83",36,80 000,38 000,"0,0055",,61800-2Z,,–,,"12,7",–,–,"17,2","0,3",12,"12,5",17,"0,3",15,15
87,,19,5,"1,72","0,83",36,80 000,48 000,"0,0053",,61800,,–,,"12,7",–,"16,3",–,"0,3",12,–,17,"0,3",15,15
88,,22,6,"2,7","1,27",54,–,20 000,"0,01",,61900-2RS1,,–,,–,"13,2",–,"19,4","0,3",12,12,20,"0,3","0,02",14
89,,22,6,"2,7","1,27",54,70 000,36 000,"0,01",,61900-2Z,,–,,"13,9",–,–,"19,4","0,3",12,"12,9",20,"0,3","0,02",14
90,,22,6,"2,7","1,27",54,70 000,45 000,"0,01",,61900,,–,,"13,9",–,"18,2",–,"0,3",12,–,20,"0,3","0,02",14
91,,26,8,"4,75","1,96",83,67 000,40 000,19,▶,6000,,–,,"14,8",–,–,"22,6","0,3",12,–,24,"0,3",25,12
92,,26,8,"4,75","1,96",83,–,19 000,19,▶,6000-2RSH,,6000-RSH,,–,"12,5",–,"22,6","0,3",12,"12,5",24,"0,3",25,12
93,,26,8,"4,75","1,96",83,67 000,34 000,19,▶,6000-2RSL,,6000-RSL,,–,"12,5",–,"22,6","0,3",12,"12,5",24,"0,3",25,12
94,,26,8,"4,75","1,96",83,67 000,34 000,"0,02",▶,6000-2Z,▶,6000-Z,,"14,8",–,–,"22,6","0,3",12,"14,7",24,"0,3",25,12
95,,26,12,"4,62","1,96",83,–,19 000,25,,63000-2RS1,,–,,"14,8",–,–,"22,6","0,3",12,"14,7",24,"0,3",25,12
96,,28,8,"5,07","2,36","0,1",60 000,30 000,26,,16100-2Z,,–,,17,–,–,"24,8","0,3","14,2","16,6","23,8","0,3",25,13
97,,28,8,"5,07","2,36","0,1",60 000,38 000,24,,16100,,–,,17,–,–,"24,8","0,3","14,2",–,"23,8","0,3",25,13
98,,30,9,"5,4","2,36","0,1",56 000,36 000,31,▶,6200,,–,,17,–,–,"24,8","0,6","14,2",–,"25,8","0,6",25,13
99,,30,9,"5,4","2,36","0,1",–,17 000,32,▶,6200-2RSH,,6200-RSH,,–,15,–,"24,8","0,6","14,2",15,"25,8","0,6",25,13
100,,30,9,"5,4","2,36","0,1",56 000,28 000,32,▶,6200-2RSL,,6200-RSL,,–,15,–,"24,8","0,6","14,2",15,"25,8","0,6",25,13
101,,30,9,"5,4","2,36","0,1",56 000,28 000,34,▶,6200-2Z,,6200-Z,,17,–,–,"24,8","0,6","14,2","16,9","25,8","0,6",25,13
102,,30,14,"5,07","2,36","0,1",–,17 000,"0,04",,62200-2RS1,,–,,17,–,–,"24,8","0,6","14,2","16,9","25,8","0,6",25,13
103,,35,11,"8,52","3,4",143,50 000,32 000,53,▶,6300,,–,,"17,5",–,–,"28,7","0,6","14,2",–,"30,8","0,6","0,03",11
104,,35,11,"8,52","3,4",143,–,15 000,54,▶,6300-2RSH,,6300-RSH,,–,"15,5",–,"28,7","0,6","14,2","15,5","30,8","0,6","0,03",11
105,,35,11,"8,52","3,4",143,50 000,26 000,53,,6300-2RSL,,6300-RSL,,–,"15,5",–,"28,7","0,6","14,2","15,5","30,8","0,6","0,03",11
106,,35,11,"8,52","3,4",143,50 000,26 000,55,▶,6300-2Z,,6300-Z,,"17,5",–,–,"28,7","0,6","14,2","17,4","30,8","0,6","0,03",11
107,,35,17,"8,06","3,4",143,–,15 000,"0,06",,62300-2RS1,,–,,"17,5",–,–,"28,7","0,6","14,2","17,4","30,8","0,6","0,03",11
108,12,21,5,"1,74",915,39,–,20 000,"0,0063",▶,61801-2RS1,–,,12,–,"14,1",–,19,"0,3","13,6","13,8",19,"0,3",15,13
109,,21,5,"1,74",915,39,70 000,36 000,"0,0063",▶,61801-2Z,–,,,"14,8",–,–,19,"0,3",14,"14,7",19,"0,3",15,13
110,,21,5,"1,74",915,39,70 000,43 000,"0,0063",▶,61801,–,,,"14,8",–,"18,3",–,"0,3",14,–,19,"0,3",15,13
111,,24,6,"2,91","1,46",62,–,19 000,11,▶,61901-2RS1,–,,,–,"15,3",–,"21,4","0,3",14,"15,2",22,"0,3","0,02",15
112,,24,6,"2,91","1,46",62,67 000,32 000,11,▶,61901-2Z,–,,,16,–,–,"21,4","0,3",14,"15,8",22,"0,3","0,02",15
113,,24,6,"2,91","1,46",62,67 000,40 000,11,▶,61901,–,,,16,–,"20,3",–,"0,3",14,–,22,"0,3","0,02",15
114,,28,8,"5,4","2,36","0,1",60 000,38 000,21,▶,6001,–,,,17,–,–,"24,8","0,3",14,–,26,"0,3",25,13
115,,28,8,"5,4","2,36","0,1",–,17 000,22,▶,6001-2RSH,6001-RSH,,,–,"14,7",–,"24,8","0,3",14,15,26,"0,3",25,13
116,,28,8,"5,4","2,36","0,1",60 000,30 000,21,▶,6001-2RSL,6001-RSL,,,–,"14,7",–,"24,8","0,3",14,15,26,"0,3",25,13
117,,28,8,"5,4","2,36","0,1",60 000,30 000,22,▶,6001-2Z,6001-Z,,,17,–,–,"24,8","0,3",14,"16,9",26,"0,3",25,13
118,,28,12,"5,07","2,36","0,1",–,17 000,29,,63001-2RS1,–,,,17,–,–,"24,8","0,3",14,"16,9",26,"0,3",25,13
119,,30,8,"5,07","2,36","0,1",–,17 000,28,,16101-2RS1,–,,,17,–,–,"24,8","0,3","14,4","16,6","27,6","0,3",25,13
120,,30,8,"5,07","2,36","0,1",56 000,28 000,28,,16101-2Z,–,,,17,–,–,"24,8","0,3","14,4","16,6","27,6","0,3",25,13
121,,30,8,"5,07","2,36","0,1",60 000,38 000,26,,16101,–,,,17,–,–,"24,8","0,3","14,4",–,"27,6","0,3",25,13
122,,32,10,"7,28","3,1",132,50 000,32 000,37,▶,6201,–,,,"18,4",–,–,"27,4","0,6","16,2",–,"27,8","0,6",25,12
123,,32,10,"7,28","3,1",132,–,15 000,38,▶,6201-2RSH,6201-RSH,,,–,"16,2",–,"27,4","0,6","16,2","16,5","27,8","0,6",25,12
124,,32,10,"7,28","3,1",132,50 000,26 000,38,▶,6201-2RSL,6201-RSL,,,–,"16,2",–,"27,4","0,6","16,2","16,5","27,8","0,6",25,12
125,,32,10,"7,28","3,1",132,50 000,26 000,39,▶,6201-2Z,6201-Z,,,"18,4",–,–,"27,4","0,6","16,2","18,4","27,8","0,6",25,12
126,,32,14,"6,89","3,1",132,–,15 000,45,,62201-2RS1,–,,,"18,5",–,–,"27,4","0,6","16,2","18,4","27,8","0,6",25,12
127,,37,12,"10,1","4,15",176,45 000,28 000,"0,06",▶,6301,–,,,"19,5",–,–,"31,5",1,"17,6",–,"31,4",1,"0,03",11
128,,37,12,"10,1","4,15",176,–,14 000,62,▶,6301-2RSH,6301-RSH,,,–,"17,5",–,"31,5",1,"17,6","17,8","31,4",1,"0,03",11
129,,37,12,"10,1","4,15",176,45 000,22 000,"0,06",,6301-2RSL,6301-RSL,,,–,"17,5",–,"31,5",1,"17,6","17,6","31,4",1,"0,03",11
130,,37,12,"10,1","4,15",176,45 000,22 000,63,▶,6301-2Z,6301-Z,,,"19,5",–,–,"31,5",1,"17,6","19,4","31,4",1,"0,03",11
131,,37,17,"9,75","4,15",176,–,14 000,"0,07",,62301-2RS1,–,,,"19,5",–,–,"31,5",1,"17,6","19,4","31,4",1,"0,03",11
132,15,24,5,"1,9","1,1",48,–,17 000,"0,0074",▶,61802-2RS1,–,,15,"17,8",–,–,"22,2","0,3",17,"17,8",22,"0,3",15,14
133,,24,5,"1,9","1,1",48,60 000,30 000,"0,0074",▶,61802-2Z,–,,,"17,8",–,–,"22,2","0,3",17,"17,8",22,"0,3",15,14
134,,24,5,"1,9","1,1",48,60 000,38 000,"0,0065",▶,61802,–,,,"17,8",–,"21,3",–,"0,3",17,–,22,"0,3",15,14
135,,28,7,"4,36","2,24",95,–,16 000,16,▶,61902-2RS1,–,,,"18,8",–,–,"25,3","0,3",17,"18,3",26,"0,3","0,02",14
136,,28,7,"4,36","2,24",95,56 000,28 000,16,▶,61902-2RZ,–,,,"18,8",–,–,"25,3","0,3",17,"18,3",26,"0,3","0,02",14
137,,28,7,"4,36","2,24",95,56 000,28 000,16,▶,61902-2Z,–,,,"18,8",–,–,"25,3","0,3",17,"18,3",26,"0,3","0,02",14
138,,28,7,"4,36","2,24",95,56 000,34 000,16,▶,61902,–,,,"18,8",–,–,"25,3","0,3",17,–,26,"0,3","0,02",14
139,,32,8,"5,85","2,85","0,12",50 000,32 000,27,▶,16002,–,,,"20,5",–,–,"28,2","0,3",17,–,30,"0,3","0,02",14
140,,32,8,"5,85","2,85","0,12",50 000,26 000,25,▶,16002-2Z,16002-Z,,,"20,5",–,–,"28,2","0,3",17,"20,1",30,"0,3","0,02",14
141,,32,9,"5,85","2,85","0,12",50 000,32 000,"0,03",▶,6002,–,,,"20,5",–,–,"28,2","0,3",17,–,30,"0,3",25,14
142,,32,9,"5,85","2,85","0,12",–,14 000,"0,03",▶,6002-2RSH,6002-RSH,,,–,"18,3",–,"28,2","0,3",17,"18,5",30,"0,3",25,14
143,,32,9,"5,85","2,85","0,12",50 000,26 000,"0,03",▶,6002-2RSL,6002-RSL,,,–,"18,3",–,"28,2","0,3",17,"18,5",30,"0,3",25,14
144,15,32,9,"5,85","2,85","0,12",50 000,26 000,32,▶,6002-2Z,6002-Z,,15,"20,5",–,–,"28,2","0,3",17,"20,4",30,"0,3",25,14
145,cont,32,13,"5,59","2,85","0,12",–,14 000,39,,63002-2RS1,–,,cont,"20,5",–,–,"28,2","0,3",17,"20,4",30,"0,3",25,14
146,,35,11,"8,06","3,75","0,16",43 000,28 000,45,▶,6202,–,,,"21,7",–,–,"30,5","0,6","19,2",–,"30,8","0,6",25,13
147,,35,11,"8,06","3,75","0,16",–,13 000,46,▶,6202-2RSH,6202-RSH,,,–,"18,6",–,"30,5","0,6","19,2","19,4","31,3","0,6",25,13
148,,35,11,"8,06","3,75","0,16",43 000,22 000,46,▶,6202-2RSL,6202-RSL,,,–,"18,6",–,"30,5","0,6","19,2","19,4","30,8","0,6",25,13
149,,35,11,"8,06","3,75","0,16",43 000,22 000,48,▶,6202-2Z,6202-Z,,,"21,7",–,–,"30,5","0,6","19,2","21,6","30,8","0,6",25,13
150,,35,14,"7,8","3,75","0,16",–,13 000,54,,62202-2RS1,–,,,"21,7",–,–,"30,4","0,6","19,2","21,6","30,8","0,6",25,13
151,,42,13,"11,9","5,4",228,38 000,24 000,82,▶,6302,–,,,"23,7",–,–,"36,3",1,"20,6",–,"36,4",1,"0,03",12
152,,42,13,"11,9","5,4",228,–,12 000,85,▶,6302-2RSH,6302-RSH,,,–,"20,6",–,"36,3",1,"20,6",21,"36,4",1,"0,03",12
153,,42,13,"11,9","5,4",228,38 000,19 000,85,▶,6302-2RSL,6302-RSL,,,–,"20,6",–,"36,3",1,"20,6",21,"36,4",1,"0,03",12
154,,42,13,"11,9","5,4",228,38 000,19 000,86,▶,6302-2Z,6302-Z,,,"23,7",–,–,"36,3",1,"20,6","23,6","36,4",1,"0,03",12
155,,42,17,"11,4","5,4",228,–,12 000,"0,11",,62302-2RS1,–,,,"23,7",–,–,"36,3",1,"20,6","23,6","36,4",1,"0,03",12
156,,52,7,"4,49","3,75","0,16",–,7 500,34,▶,61808-2RS1,–,,,–,"42,1",–,"49,3","0,3",42,42,50,"0,3",15,15
157,17,26,5,"2,03","1,27",54,–,16 000,"0,0082",▶,61803-2RS1,–,,17,"19,8",–,–,"24,2","0,3",18,"18,6",24,"0,3",15,14
158,,26,5,"2,03","1,27",54,56 000,28 000,"0,0082",,61803-2RZ,–,,,"19,8",–,–,"24,2","0,3",19,"19,6",24,"0,3",15,14
159,,26,5,"2,03","1,27",54,56 000,28 000,"0,0082",▶,61803-2Z,–,,,"19,8",–,–,"24,2","0,3",19,"19,6",24,"0,3",15,14
160,,26,5,"2,03","1,27",54,56 000,34 000,"0,0075",▶,61803,–,,,"19,8",–,"23,3",–,"0,3",19,–,24,"0,3",15,14
161,,30,7,"4,62","2,55",108,–,14 000,17,▶,61903-2RS1,–,,,–,"19,4",–,"27,7","0,3",19,"19,3",28,"0,3","0,02",15
162,,30,7,"4,62","2,55",108,50 000,26 000,17,▶,61903-2Z,–,,,"20,4",–,–,"27,7","0,3",19,"20,3",28,"0,3","0,02",15
163,,30,7,"4,62","2,55",108,50 000,26 000,18,,61903-2RZ,–,,,"20,4",–,–,"27,7","0,3",19,"20,3",28,"0,3","0,02",15
164,,30,7,"4,62","2,55",108,50 000,32 000,16,▶,61903,–,,,"20,4",–,–,"27,7","0,3",19,–,28,"0,3","0,02",15
165,,35,8,"6,37","3,25",137,45 000,22 000,32,▶,16003-2Z,–,,,23,–,–,"31,2","0,3",19,"22,6",33,"0,3","0,02",14
166,,35,8,"6,37","3,25",137,45 000,28 000,31,▶,16003,–,,,23,–,–,"31,2","0,3",19,–,33,"0,3","0,02",14
167,,35,10,"6,37","3,25",137,45 000,28 000,38,▶,6003,–,,,23,–,–,"31,2","0,3",19,–,33,"0,3",25,14
168,,35,10,"6,37","3,25",137,–,13 000,39,▶,6003-2RSH,6003-RSH,,,–,"20,4",–,"31,2","0,3",19,"20,5",33,"0,3",25,14
169,,35,10,"6,37","3,25",137,45 000,22 000,39,▶,6003-2RSL,6003-RSL,,,–,"20,4",–,"31,2","0,3",19,"20,5",33,"0,3",25,14
170,,35,10,"6,37","3,25",137,45 000,22 000,41,▶,6003-2Z,6003-Z,,,23,–,–,"31,2","0,3",19,"22,9",33,"0,3",25,14
171,,35,14,"6,05","3,25",137,–,13 000,52,,63003-2RS1,–,,,23,–,–,"31,2","0,3",19,"22,9",33,"0,3",25,14
172,,40,12,"9,95","4,75","0,2",38 000,24 000,65,▶,6203,–,,15,"20,5",–,–,"28,2","0,3",17,"20,4",30,"0,3",25,14
173,,40,12,"9,95","4,75","0,2",–,12 000,67,▶,6203-2RSH,6203-RSH,,cont,"20,5",–,–,"28,2","0,3",17,"20,4",30,"0,3",25,14
174,,40,12,"9,95","4,75","0,2",38 000,19 000,67,▶,6203-2RSL,6203-RSL,,,"21,7",–,–,"30,5","0,6","19,2",–,"30,8","0,6",25,13
175,,40,12,"9,95","4,75","0,2",38 000,19 000,68,▶,6203-2Z,6203-Z,,,–,"18,6",–,"30,5","0,6","19,2","19,4","31,3","0,6",25,13
176,,40,12,"11,4","5,4",228,38 000,24 000,64,,6203 ETN9,–,,,–,"18,6",–,"30,5","0,6","19,2","19,4","30,8","0,6",25,13
177,,40,16,"9,56","4,75","0,2",–,12 000,89,,62203-2RS1,–,,,"21,7",–,–,"30,5","0,6","19,2","21,6","30,8","0,6",25,13
178,17,47,14,"14,3","6,55",275,34 000,22 000,"0,11",▶,6303,–,,17,"26,5",–,–,"39,6",1,"22,6",–,"41,4",1,"0,03",12
179,cont.,47,14,"14,3","6,55",275,–,11 000,"0,12",▶,6303-2RSH,6303-RSH,,cont,–,"23,4",–,"39,6",1,"22,6","23,5","41,4",1,"0,03",12
180,,47,14,"14,3","6,55",275,34 000,17 000,"0,12",,6303-2RSL,6303-RSL,,,–,"23,4",–,"39,6",1,"22,6","23,5","41,4",1,"0,03",12
181,,47,14,"14,3","6,55",275,34 000,17 000,"0,12",▶,6303-2Z,6303-Z,,,"26,5",–,–,"39,6",1,"22,6","26,4","41,4",1,"0,03",12
182,,47,19,"13,5","6,55",275,–,11 000,"0,16",,62303-2RS1,–,,,"26,5",–,–,"39,6",1,"22,6","26,4","41,4",1,"0,03",12
183,,62,17,"22,9","10,8",455,28 000,18 000,"0,27",,6403,–,,,"32,4",–,–,"48,7","1,1","23,5",–,55,1,35,11
184,20,32,7,"4,03","2,32",104,–,13 000,18,▶,61804-2RS1,–,,20,"23,8",–,–,"29,4","0,6",22,"23,6",30,"0,3",15,15
185,,32,7,"4,03","2,32",104,45 000,22 000,18,▶,61804-2RZ,–,,,"23,8",–,–,"29,4","0,6",22,"23,6",30,"0,3",15,15
186,,32,7,"4,03","2,32",104,45 000,28 000,18,▶,61804,–,,,"23,8",–,"28,3",–,"0,3",22,–,30,"0,3",15,15
187,,37,9,"6,37","3,65",156,–,12 000,38,▶,61904-2RS1,–,,,"25,5",–,–,"32,7","0,3",22,23,35,"0,3","0,02",15
188,,37,9,"6,37","3,65",156,43 000,20 000,38,▶,61904-2RZ,–,,,"25,5",–,–,"32,7","0,3",22,"25,5",35,"0,3","0,02",15
189,,37,9,"6,37","3,65",156,43 000,26 000,37,▶,61904,–,,,"25,5",–,–,"32,7","0,3",22,–,35,"0,3","0,02",15
190,,42,8,"7,28","4,05",173,38 000,24 000,51,▶,16004,–,,,"27,2",–,–,"37,2","0,3",22,–,40,"0,3","0,02",15
191,,42,12,"9,95",5,212,38 000,24 000,67,▶,6004,–,,,"27,2",–,–,"37,2","0,6","23,2",–,"38,8","0,6",25,14
192,,42,12,"9,95",5,212,–,11 000,67,▶,6004-2RSH,6004-RSH,,,–,"24,6",–,"37,2","0,6","23,2","24,5","38,8","0,6",25,14
193,,42,12,"9,95",5,212,38 000,19 000,69,▶,6004-2RSL,6004-RSL,,,–,"24,6",–,"37,2","0,6","23,2","24,5","38,8","0,6",25,14
194,,42,12,"9,95",5,212,38 000,19 000,71,▶,6004-2Z,6004-Z,,,"27,2",–,–,"37,2","0,6","23,2","27,1","38,8","0,6",25,14
195,,42,16,"9,36",5,212,–,11 000,86,,63004-2RS1,–,,,"27,2",–,–,"37,2","0,6","23,2","27,1","38,8","0,6",25,14
196,,47,14,"13,5","6,55","0,28",32 000,20 000,"0,11",▶,6204,–,,,"28,8",–,–,"40,6",1,"25,6",–,"41,4",1,25,13
197,,47,14,"13,5","6,55","0,28",–,10 000,"0,11",▶,6204-2RSH,6204-RSH,,,–,26,–,"40,6",1,"25,6",26,"41,4",1,25,13
198,,47,14,"13,5","6,55","0,28",32 000,17 000,"0,11",▶,6204-2RSL,6204-RSL,,,–,26,–,"40,6",1,"25,6",26,"41,4",1,25,13
199,,47,14,"13,5","6,55","0,28",32 000,17 000,"0,11",▶,6204-2Z,6204-Z,,,"28,8",–,–,"40,6",1,"25,6","28,7","41,4",1,25,13
200,,47,14,"15,6","7,65",325,32 000,20 000,98,,6204 ETN9,–,,,"28,2",–,"39,6",–,1,"25,6",–,"41,4",1,25,12
201,,47,18,"12,7","6,55","0,28",–,10 000,"0,13",,62204-2RS1,–,,,"28,8",–,–,"40,6",1,"25,6","28,7","41,4",1,25,13
202,,52,15,"15,9","7,8",335,30 000,15 000,"0,15",▶,6304-2RSL,6304-RSL,,,–,"26,9",–,"44,8","1,1",27,27,45,1,"0,03",12
203,,52,15,"16,8","7,8",335,30 000,19 000,"0,14",▶,6304,–,,,"30,3",–,–,"44,8","1,1",27,–,45,1,"0,03",12
204,,52,15,"16,8","7,8",335,–,9 500,"0,15",▶,6304-2RSH,6304-RSH,,,–,"26,9",–,"44,8","1,1",27,"27,3",45,1,"0,03",12
205,,52,15,"16,8","7,8",335,30 000,15 000,"0,15",▶,6304-2Z,6304-Z,,,"30,3",–,–,"44,8","1,1",27,"30,3",45,1,"0,03",12
206,,52,15,"18,2",9,"0,38",30 000,19 000,"0,14",,6304 ETN9,–,,,"30,3",–,"42,6",–,"1,1",27,–,45,1,"0,03",12
207,,52,21,"15,9","7,8",335,–,9 500,"0,21",,62304-2RS1,–,,,"30,3",–,–,"44,8","1,1",27,"30,3",45,1,"0,03",12
208,,72,19,"30,7",15,"0,64",24 000,15 000,"0,41",,6404,–,,,"37,1",–,"54,8",–,"1,1",29,–,63,1,35,11
209,22,50,14,14,"7,65",325,–,9 000,"0,12",,62/22-2RS1,–,,22,"32,2",–,–,44,1,"27,6",32,"44,4",1,25,14
210,,50,14,14,"7,65",325,30 000,19 000,"0,12",,62/22,–,,,"32,2",–,–,44,1,"27,6",–,"44,4",1,25,14
211,,56,16,"18,6","9,3","0,39",28 000,18 000,"0,18",,63/22,–,,,"32,9",–,"45,3",–,"1,1",29,–,47,1,"0,03",12
212,17,47,14,"14,3","6,55",275,34 000,22 000,"0,11",▶,6303,–,,17,"26,5",–,–,"39,6",1,"22,6",–,"41,4",1,"0,03",12
213,cont.,47,14,"14,3","6,55",275,–,11 000,"0,12",▶,6303-2RSH,6303-RSH,,cont,–,"23,4",–,"39,6",1,"22,6","23,5","41,4",1,"0,03",12
214,,47,14,"14,3","6,55",275,34 000,17 000,"0,12",,6303-2RSL,6303-RSL,,,–,"23,4",–,"39,6",1,"22,6","23,5","41,4",1,"0,03",12
215,,47,14,"14,3","6,55",275,34 000,17 000,"0,12",▶,6303-2Z,6303-Z,,,"26,5",–,–,"39,6",1,"22,6","26,4","41,4",1,"0,03",12
216,,47,19,"13,5","6,55",275,–,11 000,"0,16",,62303-2RS1,–,,,"26,5",–,–,"39,6",1,"22,6","26,4","41,4",1,"0,03",12
217,,62,17,"22,9","10,8",455,28 000,18 000,"0,27",,6403,–,,,"32,4",–,–,"48,7","1,1","23,5",–,55,1,35,11
218,20,32,7,"4,03","2,32",104,–,13 000,18,▶,61804-2RS1,–,,20,"23,8",–,–,"29,4","0,6",22,"23,6",30,"0,3",15,15
219,,32,7,"4,03","2,32",104,45 000,22 000,18,▶,61804-2RZ,–,,,"23,8",–,–,"29,4","0,6",22,"23,6",30,"0,3",15,15
220,,32,7,"4,03","2,32",104,45 000,28 000,18,▶,61804,–,,,"23,8",–,"28,3",–,"0,3",22,–,30,"0,3",15,15
221,,37,9,"6,37","3,65",156,–,12 000,38,▶,61904-2RS1,–,,,"25,5",–,–,"32,7","0,3",22,23,35,"0,3","0,02",15
222,,37,9,"6,37","3,65",156,43 000,20 000,38,▶,61904-2RZ,–,,,"25,5",–,–,"32,7","0,3",22,"25,5",35,"0,3","0,02",15
223,,37,9,"6,37","3,65",156,43 000,26 000,37,▶,61904,–,,,"25,5",–,–,"32,7","0,3",22,–,35,"0,3","0,02",15
224,,42,8,"7,28","4,05",173,38 000,24 000,51,▶,16004,–,,,"27,2",–,–,"37,2","0,3",22,–,40,"0,3","0,02",15
225,,42,12,"9,95",5,212,38 000,24 000,67,▶,6004,–,,,"27,2",–,–,"37,2","0,6","23,2",–,"38,8","0,6",25,14
226,,42,12,"9,95",5,212,–,11 000,67,▶,6004-2RSH,6004-RSH,,,–,"24,6",–,"37,2","0,6","23,2","24,5","38,8","0,6",25,14
227,,42,12,"9,95",5,212,38 000,19 000,69,▶,6004-2RSL,6004-RSL,,,–,"24,6",–,"37,2","0,6","23,2","24,5","38,8","0,6",25,14
228,,42,12,"9,95",5,212,38 000,19 000,71,▶,6004-2Z,6004-Z,,,"27,2",–,–,"37,2","0,6","23,2","27,1","38,8","0,6",25,14
229,,42,16,"9,36",5,212,–,11 000,86,,63004-2RS1,–,,,"27,2",–,–,"37,2","0,6","23,2","27,1","38,8","0,6",25,14
230,,47,14,"13,5","6,55","0,28",32 000,20 000,"0,11",▶,6204,–,,,"28,8",–,–,"40,6",1,"25,6",–,"41,4",1,25,13
231,,47,14,"13,5","6,55","0,28",–,10 000,"0,11",▶,6204-2RSH,6204-RSH,,,–,26,–,"40,6",1,"25,6",26,"41,4",1,25,13
232,,47,14,"13,5","6,55","0,28",32 000,17 000,"0,11",▶,6204-2RSL,6204-RSL,,,–,26,–,"40,6",1,"25,6",26,"41,4",1,25,13
233,,47,14,"13,5","6,55","0,28",32 000,17 000,"0,11",▶,6204-2Z,6204-Z,,,"28,8",–,–,"40,6",1,"25,6","28,7","41,4",1,25,13
234,,47,14,"15,6","7,65",325,32 000,20 000,98,,6204 ETN9,–,,,"28,2",–,"39,6",–,1,"25,6",–,"41,4",1,25,12
235,,47,18,"12,7","6,55","0,28",–,10 000,"0,13",,62204-2RS1,–,,,"28,8",–,–,"40,6",1,"25,6","28,7","41,4",1,25,13
236,,52,15,"15,9","7,8",335,30 000,15 000,"0,15",▶,6304-2RSL,6304-RSL,,,–,"26,9",–,"44,8","1,1",27,27,45,1,"0,03",12
237,,52,15,"16,8","7,8",335,30 000,19 000,"0,14",▶,6304,–,,,"30,3",–,–,"44,8","1,1",27,–,45,1,"0,03",12
238,,52,15,"16,8","7,8",335,–,9 500,"0,15",▶,6304-2RSH,6304-RSH,,,–,"26,9",–,"44,8","1,1",27,"27,3",45,1,"0,03",12
239,,52,15,"16,8","7,8",335,30 000,15 000,"0,15",▶,6304-2Z,6304-Z,,,"30,3",–,–,"44,8","1,1",27,"30,3",45,1,"0,03",12
240,,52,15,"18,2",9,"0,38",30 000,19 000,"0,14",,6304 ETN9,–,,,"30,3",–,"42,6",–,"1,1",27,–,45,1,"0,03",12
241,,52,21,"15,9","7,8",335,–,9 500,"0,21",,62304-2RS1,–,,,"30,3",–,–,"44,8","1,1",27,"30,3",45,1,"0,03",12
242,,72,19,"30,7",15,"0,64",24 000,15 000,"0,41",,6404,–,,,"37,1",–,"54,8",–,"1,1",29,–,63,1,35,11
243,22,50,14,14,"7,65",325,–,9 000,"0,12",,62/22-2RS1,–,,22,"32,2",–,–,44,1,"27,6",32,"44,4",1,25,14
244,,50,14,14,"7,65",325,30 000,19 000,"0,12",,62/22,–,,,"32,2",–,–,44,1,"27,6",–,"44,4",1,25,14
245,,56,16,"18,6","9,3","0,39",28 000,18 000,"0,18",,63/22,–,,,"32,9",–,"45,3",–,"1,1",29,–,47,1,"0,03",12
246,25,37,7,"4,36","2,6",125,–,11 000,22,▶,61805-2RS1,–,,25,–,"27,4",–,"34,2","0,6",27,"27,3",35,"0,3",15,14
247,,37,7,"4,36","2,6",125,38 000,19 000,22,▶,61805-2RZ,–,,,"28,5",–,–,"34,2","0,3",27,"28,4",35,"0,3",15,14
248,,37,7,"4,36","2,6",125,38 000,24 000,22,▶,61805,–,,,"28,5",–,"33,2",–,"0,6",27,–,35,"0,3",15,14
249,,42,9,"7,02","4,3",193,–,10 000,45,▶,61905-2RS1,–,,,"30,2",–,–,"37,7","0,6",27,29,40,"0,3","0,02",15
250,,42,9,"7,02","4,3",193,36 000,18 000,45,▶,61905-2RZ,–,,,"30,2",–,–,"37,7","0,6",27,29,40,"0,3","0,02",15
251,,42,9,"7,02","4,3",193,36 000,22 000,45,▶,61905,–,,,"30,2",–,–,"37,7","0,6",27,–,40,"0,3","0,02",15
252,,47,8,"8,06","4,75",212,32 000,20 000,55,▶,16005,–,,,"33,3",–,–,"42,4","0,3",27,–,45,"0,3","0,02",15
253,,47,12,"11,9","6,55",275,32 000,20 000,78,▶,6005,–,,,32,–,–,"42,2","0,6","28,2",–,"43,8","0,6",25,14
254,,47,12,"11,9","6,55",275,–,9 500,81,▶,6005-2RSH,6005-RSH,,,–,"29,4",–,"42,2","0,6","28,2","29,5","43,8","0,6",25,14
255,,47,12,"11,9","6,55",275,32 000,16 000,"0,08",▶,6005-2RSL,6005-RSL,,,–,"29,4",–,"42,2","0,6","28,2","29,5","43,8","0,6",25,14
256,,47,12,"11,9","6,55",275,32 000,16 000,83,▶,6005-2Z,6005-Z,,,32,–,–,"42,2","0,6","28,2","31,9","43,8","0,6",25,14
257,,47,16,"11,2","6,55",275,–,9 500,"0,11",,63005-2RS1,–,,,32,–,–,"42,2","0,6","29,2","31,9","43,8","0,6",25,14
258,,52,15,"14,8","7,8",335,28 000,18 000,"0,13",▶,6205,–,,,"34,3",–,–,"46,3",1,"30,6",–,"46,4",1,25,14
259,,52,15,"14,8","7,8",335,–,8 500,"0,13",▶,6205-2RSH,6205-RSH,,,–,"31,3",–,"46,3",1,"30,6","31,5","46,4",1,25,14
260,,52,15,"14,8","7,8",335,28 000,14 000,"0,13",▶,6205-2RSL,6205-RSL,,,–,"31,3",–,"46,3",1,"30,6","31,5","46,4",1,25,14
261,,52,15,"14,8","7,8",335,28 000,14 000,"0,13",▶,6205-2Z,6205-Z,,,"34,3",–,–,"46,3",1,"30,6","34,3","46,4",1,25,14
262,,52,15,"17,8","9,3","0,4",28 000,18 000,"0,12",,6205 ETN9,–,,,"33,1",–,–,"46,3",1,"30,6",–,"46,4",1,25,13
263,,52,18,14,"7,8",335,–,8 500,"0,13",,62205-2RS1,–,,,"34,3",–,–,"46,3",1,"30,6","34,3","46,4",1,25,14
264,,62,17,"23,4","11,6","0,49",24 000,16 000,"0,23",▶,6305,–,,,"36,6",–,–,"52,7","1,1",32,–,55,1,"0,03",12
265,,62,17,"23,4","11,6","0,49",–,7 500,"0,24",▶,6305-2RSH,6305-RSH,,,–,33,–,"52,7","1,1",32,33,55,1,"0,03",12
266,,62,17,"23,4","11,6","0,49",24 000,13 000,"0,23",,6305-2RZ,6305-RZ,,,"36,6",–,–,"52,7","1,1",32,"36,5",55,1,"0,03",12
267,,62,17,"23,4","11,6","0,49",24 000,13 000,"0,23",▶,6305-2Z,6305-Z,,,"36,6",–,–,"52,7","1,1",32,"36,5",55,1,"0,03",12
268,,62,17,26,"13,4","0,57",24 000,16 000,"0,22",,6305 ETN9,–,,,"36,3",–,"51,7",–,"1,1",32,–,55,1,"0,03",12
269,,62,24,"22,5","11,6","0,49",–,7 500,"0,32",,62305-2RS1,–,,,"36,6",–,–,"52,7","1,1",32,"36,5",55,1,"0,03",12
270,,80,21,"35,8","19,3",815,20 000,13 000,"0,54",,6405,–,,,"45,4",–,"62,9",–,"1,5",34,–,71,"1,5",35,12
271,28,58,16,"16,8","9,5",405,26 000,16 000,"0,17",,62/28,–,,28,37,–,–,"51,5",1,"33,6",–,52,1,25,14
272,,68,18,"25,1","13,7",585,22 000,14 000,"0,3",,63/28,–,,,"41,7",–,–,"57,8","1,1",35,–,61,1,"0,03",13
273,30,42,7,"4,49","2,9",146,–,9 500,25,▶,61806-2RS1,–,,30,–,"32,6",–,"39,4","0,6",32,"32,5",40,"0,3",15,14
274,,42,7,"4,49","2,9",146,32 000,16 000,25,▶,61806-2RZ,–,,,"33,7",–,–,"39,4","0,6",32,"33,6",40,"0,3",15,14
275,,42,7,"4,49","2,9",146,32 000,20 000,25,▶,61806,–,,,"33,7",–,"38,4",–,"0,3",32,–,40,"0,3",15,14
276,,47,9,"7,28","4,55",212,–,8 500,51,▶,61906-2RS1,–,,,–,"34,2",–,"42,7","0,3",32,34,45,"0,3","0,02",14
277,,47,9,"7,28","4,55",212,30 000,15 000,51,▶,61906-2RZ,–,,,"35,2",–,–,"42,7","0,3",32,"35,1",45,"0,3","0,02",14
278,,47,9,"7,28","4,55",212,30 000,19 000,49,▶,61906,–,,,"35,2",–,–,"42,7","0,3",32,–,45,"0,3","0,02",14
279,30,55,9,"11,9","7,35","0,31",28 000,17 000,89,▶,16006,,–,30,"37,7",–,"47,3",–,"0,3",32,–,53,"0,3","0,02",15
280,cont,55,13,"13,8","8,3",355,28 000,17 000,"0,12",▶,6006,,–,cont,"38,2",–,–,49,1,"34,6",–,50,1,25,15
281,,55,13,"13,8","8,3",355,–,8 000,"0,12",▶,6006-2RS1,,6006-RS1,,"38,2",–,–,49,1,"34,6","38,1",50,1,25,15
282,,55,13,"13,8","8,3",355,28 000,14 000,"0,12",▶,6006-2RZ,,6006-RZ,,"38,2",–,–,49,1,"34,6","38,1",50,1,25,15
283,,55,13,"13,8","8,3",355,28 000,14 000,"0,12",▶,6006-2Z,,6006-Z,,"38,2",–,–,49,1,"34,6","38,1",50,1,25,15
284,,55,19,"13,3","8,3",355,–,8 000,"0,17",,63006-2RS1,,–,,"38,2",–,–,49,1,"34,6","38,1",50,1,25,15
285,,62,16,"20,3","11,2",475,24 000,15 000,"0,2",▶,6206,,–,,"40,3",–,–,"54,1",1,"35,6",–,56,1,25,14
286,,62,16,"20,3","11,2",475,–,7 500,"0,21",▶,6206-2RSH,,6206-RSH,,–,"37,3",–,"54,1",1,"35,6","37,3",56,1,25,14
287,,62,16,"20,3","11,2",475,24 000,12 000,"0,2",▶,6206-2RZ,,6206-RZ,,"40,3",–,–,"54,1",1,"35,6","40,3",56,1,25,14
288,,62,16,"20,3","11,2",475,24 000,12 000,"0,21",▶,6206-2Z,,6206-Z,,"40,3",–,–,"54,1",1,"35,6","40,3",56,1,25,14
289,,62,16,"23,4","12,9","0,54",24 000,15 000,"0,18",,6206 ETN9,,–,,"39,5",–,"52,9",–,1,"35,6",–,56,1,25,13
290,,62,20,"19,5","11,2",475,–,7 500,"0,25",,62206-2RS1,,–,,"40,3",–,–,"54,1",1,"35,6","40,3",56,1,25,14
291,,72,19,"29,6",16,"0,67",20 000,13 000,"0,35",▶,6306,,–,,"44,6",–,–,"61,9","1,1",37,–,65,1,"0,03",13
292,,72,19,"29,6",16,"0,67",–,6 300,"0,35",▶,6306-2RSH,▶,6306-RSH,,–,"41,1",–,"63,2","1,1",37,"40,8",65,1,"0,03",13
293,,72,19,"29,6",16,"0,67",20 000,11 000,"0,36",,6306-2RZ,,6306-RZ,,"44,6",–,–,"61,9","1,1",37,"44,5",65,1,"0,03",13
294,,72,19,"29,6",16,"0,67",20 000,11 000,"0,36",▶,6306-2Z,,6306-Z,,"44,6",–,–,"61,9","1,1",37,"44,5",65,1,"0,03",13
295,,72,19,"32,5","17,3",735,22 000,14 000,"0,33",,6306 ETN9,,–,,"42,3",–,"59,6",–,"1,1",37,–,65,1,"0,03",12
296,,72,27,"28,1",16,"0,67",–,6 300,"0,5",,62306-2RS1,,–,,"44,6",–,–,"61,9","1,1",37,"44,5",65,1,"0,03",13
297,,90,23,"43,6","23,6",1,18 000,11 000,"0,75",,6406,,–,,"50,3",–,"69,7",–,"1,5",41,–,79,"1,5",35,12
298,35,47,7,"4,36","3,35","0,14",–,8 500,22,▶,61807-2RS1,,–,35,"38,2",–,–,"44,4","0,3",37,38,45,"0,3",15,14
299,,47,7,"4,36","3,35","0,14",30 000,15 000,"0,03",▶,61807-2RZ,,–,,"38,2",–,–,"44,4","0,3",37,38,45,"0,3",15,14
300,,47,7,"4,36","3,35","0,14",30 000,18 000,29,▶,61807,,–,,"38,2",–,"42,8",–,"0,3",37,–,45,"0,3",15,14
301,,55,10,"10,8","7,8",325,–,7 500,"0,08",▶,61907-2RS1,,–,,"42,2",–,–,"52,2","0,6","38,2","41,5",51,"0,6","0,02",16
302,,55,10,"10,8","7,8",325,26 000,13 000,"0,08",▶,61907-2RZ,,–,,"42,2",–,–,"52,2","0,6","38,2","41,5",51,"0,6","0,02",16
303,,55,10,"10,8","7,8",325,26 000,16 000,"0,08",▶,61907,,–,,"42,2",–,–,"52,2","0,6","38,2",–,51,"0,6","0,02",16
304,,62,9,13,"8,15",375,24 000,15 000,"0,11",▶,16007,,–,,44,–,53,–,"0,3",37,–,60,"0,3","0,02",14
305,,62,14,"16,8","10,2","0,44",24 000,15 000,"0,15",▶,6007,,–,,"43,7",–,–,"55,7",1,"39,6",–,57,1,25,15
306,,62,14,"16,8","10,2","0,44",–,7 000,"0,16",▶,6007-2RS1,,6007-RS1,,"43,7",–,–,"55,7",1,"39,6","43,7",57,1,25,15
307,,62,14,"16,8","10,2","0,44",24 000,12 000,"0,16",,6007-2RZ,,6007-RZ,,"43,7",–,–,"55,7",1,"39,6","43,7",57,1,25,15
308,,62,14,"16,8","10,2","0,44",24 000,12 000,"0,16",▶,6007-2Z,,6007-Z,,"43,7",–,–,"55,7",1,"39,6","43,7",57,1,25,15
309,,62,20,"15,9","10,2","0,44",–,7 000,"0,22",,63007-2RS1,,–,,"43,7",–,–,"55,7",1,"39,6","43,7",57,1,25,15
310,,72,17,27,"15,3",655,20 000,13 000,"0,29",▶,6207,,–,,"46,9",–,–,"62,7","1,1",42,–,65,1,25,14
311,,72,17,27,"15,3",655,–,6 300,"0,3",▶,6207-2RSH,▶,6207-RSH,,–,"43,5",–,"64,1","1,1",42,"43,2",65,1,25,14
312,35,72,17,"31,2","17,6","0,75",20 000,13 000,"0,26",,6207 ETN9,,–,35,"46,1",–,"61,7",–,"1,1",42,–,65,1,25,13
313,cont,72,23,"25,5","15,3",655,–,6 300,"0,4",,62207-2RS1,,–,cont,"46,9",–,–,"62,7","1,1",42,"46,8",65,1,25,14
314,,80,21,"35,1",19,815,19 000,12 000,"0,46",▶,6307,,–,,"49,5",–,–,"69,2","1,5",44,–,71,"1,5","0,03",13
315,,80,21,"35,1",19,815,19 000,17 000,"0,54",,6307 M,,–,,"49,5",–,–,"69,2","1,5",44,–,71,"1,5","0,03",13
316,,80,21,"35,1",19,815,–,6 000,"0,46",▶,6307-2RSH,▶,6307-RSH,,–,"45,9",–,"70,2","1,5",44,"45,6",71,"1,5","0,03",13
317,,80,21,"35,1",19,815,19 000,9 500,"0,48",▶,6307-2Z,,6307-Z,,"49,5",–,–,"69,2","1,5",44,"49,5",71,"1,5","0,03",13
318,,80,31,"33,2",19,815,–,6 000,"0,68",,62307-2RS1,,–,,"49,5",–,–,"69,2","1,5",44,"49,5",71,"1,5","0,03",13
319,,100,25,"55,3",31,"1,29",16 000,10 000,"0,97",,6407,,–,,"57,4",–,"79,6",–,"1,5",46,–,89,"1,5",35,12
320,40,52,7,"4,49","3,75","0,16",26 000,13 000,34,▶,61808-2RZ,,–,40,"43,2",–,–,"49,3","0,3",42,43,50,"0,3",15,15
321,,52,7,"4,49","3,75","0,16",26 000,16 000,32,▶,61808,,–,,"43,2",–,"48,1",–,"0,3",42,–,50,"0,3",15,15
322,,62,12,"13,8",10,425,–,6 700,"0,12",▶,61908-2RS1,,–,,"46,9",–,–,"57,3","0,6","43,2","46,8",58,"0,6","0,02",16
323,,62,12,"13,8",10,425,24 000,12 000,"0,12",▶,61908-2RZ,,–,,"46,9",–,–,"57,3","0,6","43,2","46,8",58,"0,6","0,02",16
324,,62,12,"13,8",10,425,24 000,14 000,"0,12",▶,61908,,–,,"46,9",–,"55,6",–,"0,6","43,2",–,58,"0,6","0,02",16
325,,68,9,"13,8","10,2","0,44",22 000,14 000,"0,13",▶,16008,,–,,"49,4",–,"58,6",–,"0,3",42,–,66,"0,3","0,02",16
326,,68,15,"17,8",11,"0,49",22 000,14 000,"0,19",▶,6008,,–,,"49,2",–,–,"61,1",1,"44,6",–,63,1,25,15
327,,68,15,"17,8",11,"0,49",–,6 300,"0,2",▶,6008-2RS1,,6008-RS1,,"49,2",–,–,"61,1",1,"44,6","49,2",63,1,25,15
328,,68,15,"17,8",11,"0,49",22 000,11 000,"0,2",,6008-2RZ,,6008-RZ,,"49,2",–,–,"61,1",1,"44,6","49,2",63,1,25,15
329,,68,15,"17,8",11,"0,49",22 000,11 000,"0,2",▶,6008-2Z,,6008-Z,,"49,2",–,–,"61,1",1,"44,6","49,2",63,1,25,15
330,,68,21,"16,8",11,"0,49",–,6 300,"0,27",,63008-2RS1,,–,,"49,2",–,–,"61,1",1,"44,6","49,2",63,1,25,15
331,,80,18,"32,5",19,"0,8",18 000,11 000,"0,37",▶,6208,,–,,"52,6",–,–,"69,8","1,1",47,–,73,1,25,14
332,,80,18,"32,5",19,"0,8",–,5 600,"0,37",▶,6208-2RSH,▶,6208-RSH,,–,"49,1",–,"71,5","1,1",47,"48,8",73,1,25,14
333,,80,18,"32,5",19,"0,8",18 000,9 000,"0,38",,6208-2RZ,,6208-RZ,,"52,6",–,–,"69,8","1,1",47,52,73,1,25,14
334,,80,18,"32,5",19,"0,8",18 000,9 000,"0,38",▶,6208-2Z,,6208-Z,,"52,6",–,–,"69,8","1,1",47,52,73,1,25,14
335,,80,18,"35,8","20,8","0,88",18 000,11 000,"0,34",,6208 ETN9,,–,,52,–,"68,8",–,"1,1",47,–,73,1,25,13
336,,80,23,"30,7",19,"0,8",–,5 600,"0,47",,62208-2RS1,,–,,"52,6",–,–,"69,8","1,1",47,52,73,1,25,14
337,,90,23,"42,3",24,"1,02",17 000,11 000,"0,63",▶,6308,,–,,"56,1",–,–,"77,7","1,5",49,–,81,"1,5","0,03",13
338,,90,23,"42,3",24,"1,02",–,5 000,"0,64",▶,6308-2RSH,▶,6308-RSH,,–,"52,3",–,"78,6","1,5",49,52,81,"1,5","0,03",13
339,,90,23,"42,3",24,"1,02",17 000,8 500,"0,65",▶,6308-2RZ,,6308-RZ,,"56,1",–,–,"77,7","1,5",49,56,81,"1,5","0,03",13
340,,90,23,"42,3",24,"1,02",17 000,8 500,"0,65",▶,6308-2Z,,6308-Z,,"56,1",–,–,"77,7","1,5",49,56,81,"1,5","0,03",13
341,,90,33,41,24,"1,02",–,5 000,"0,92",,62308-2RS1,,–,,"56,1",–,–,"77,7","1,5",49,56,81,"1,5","0,03",13
342,,110,27,"63,7","36,5","1,53",14 000,9 000,"1,25",,6408,,–,,"62,8",–,87,–,2,53,–,97,2,35,12
343,45,58,7,"6,63","6,1","0,26",–,6 700,"0,04",▶,61809-2RS1,,–,45,"48,2",–,–,"55,4","0,3",47,49,56,"0,3",15,17
344,,58,7,"6,63","6,1","0,26",22 000,11 000,"0,04",▶,61809-2RZ,,–,,"48,2",–,–,"55,4","0,3",47,49,56,"0,3",15,17
345,,58,7,"6,63","6,1","0,26",22 000,14 000,"0,04",▶,61809,,–,,"48,2",–,54,–,"0,3",47,–,56,"0,3",15,17
346,,68,12,14,"10,8",465,–,6 000,"0,14",▶,61909-2RS1,,–,,"52,4",–,–,"62,8","0,6","48,2",52,64,"0,6","0,02",16
347,,68,12,14,"10,8",465,20 000,10 000,"0,14",▶,61909-2RZ,,–,,"52,4",–,–,"62,8","0,6","48,2",52,64,"0,6","0,02",16
348,,68,12,14,"10,8",465,20 000,13 000,"0,14",▶,61909,,–,,"52,4",–,"61,2",–,"0,6","48,2",–,64,"0,6","0,02",16
349,,75,10,"16,5","10,8","0,52",20 000,12 000,"0,17",▶,16009,,–,,55,–,65,–,"0,6","48,2",–,71,"0,6","0,02",14
350,,75,16,"22,1","14,6","0,64",20 000,12 000,"0,24",▶,6009,,–,,"54,7",–,–,"67,8",1,51,–,69,1,25,15
351,,75,16,"22,1","14,6","0,64",–,5 600,"0,25",▶,6009-2RS1,,6009-RS1,,"54,7",–,–,"67,8",1,51,54,69,1,25,15
352,,75,16,"22,1","14,6","0,64",20 000,10 000,"0,25",▶,6009-2Z,,6009-Z,,"54,7",–,–,"67,8",1,51,54,69,1,25,15
353,,75,23,"20,8","14,6","0,64",–,5 600,"0,36",,63009-2RS1,,–,,"54,7",–,–,"67,8",1,51,54,69,1,25,15
354,,85,19,"35,1","21,6",915,17 000,11 000,"0,42",▶,6209,,–,,"57,6",–,–,"75,2","1,1",52,–,78,1,25,14
355,,85,19,"35,1","21,6",915,–,5 000,"0,42",▶,6209-2RSH,▶,6209-RSH,,–,"54,1",–,"76,5","1,1",52,53,78,1,25,14
356,,85,19,"35,1","21,6","0,92",17 000,8 500,"0,43",▶,6209-2Z,,6209-Z,,"57,6",–,–,"75,2","1,1",52,57,78,1,25,14
357,,85,23,"33,2","21,6",915,–,5 000,"0,51",,62209-2RS1,,–,,"57,6",–,–,"75,2","1,1",52,57,78,1,25,14
358,,100,25,"55,3","31,5","1,34",15 000,9 500,"0,84",▶,6309,,–,,"62,1",–,–,"86,7","1,5",54,–,91,"1,5","0,03",13
359,,100,25,"55,3","31,5","1,34",15 000,14 000,"0,85",,6309 M,,–,,"62,1",–,–,"86,7","1,5",54,–,91,"1,5","0,03",13
360,,100,25,"55,3","31,5","1,34",–,4 500,"0,85",▶,6309-2RSH,▶,6309-RSH,,–,"58,2",–,"87,5","1,5",54,57,91,"1,5","0,03",13
361,,100,25,"55,3","31,5","1,34",15 000,7 500,"0,87",▶,6309-2Z,,6309-Z,,"62,1",–,–,"86,7","1,5",54,62,91,"1,5","0,03",13
362,,100,36,"52,7","31,5","1,34",–,4 500,"1,2",,62309-2RS1,,–,,"62,1",–,–,"86,7","1,5",54,62,91,"1,5","0,03",13
363,,120,29,"76,1",45,"1,9",13 000,8 500,"1,55",,6409,,–,,"68,9",–,"95,9",–,2,58,–,107,2,35,12
364,50,65,7,"6,76","6,8",285,–,6 000,52,▶,61810-2RS1,,–,50,"54,6",–,–,"61,8","0,3",52,55,63,"0,3",15,17
365,,65,7,"6,76","6,8",285,20 000,10 000,52,▶,61810-2RZ,,–,,"54,6",–,–,"61,8","0,3",52,55,63,"0,3",15,17
366,,65,7,"6,76","6,8",285,20 000,13 000,52,▶,61810,,–,,"54,6",–,"60,3",–,"0,3",52,–,63,"0,3",15,17
367,,72,12,"14,6","11,8","0,5",–,5 600,"0,14",▶,61910-2RS1,,–,,"56,8",–,–,"67,3","0,6",54,56,68,"0,6","0,02",16
368,,72,12,"14,6","11,8","0,5",19 000,9 500,"0,14",▶,61910-2RZ,,–,,"56,8",–,–,"67,3","0,6",54,56,68,"0,6","0,02",16
369,,72,12,"14,6","11,8","0,5",19 000,12 000,"0,14",▶,61910,,–,,"56,8",–,"65,6",–,"0,6",54,–,68,"0,6","0,02",16
370,,80,10,"16,8","11,4","0,56",18 000,11 000,"0,18",▶,16010,,–,,60,–,70,–,"0,6",54,–,76,"0,6","0,02",14
371,,80,16,"22,9",16,"0,71",18 000,11 000,"0,26",▶,6010,,–,,"59,7",–,–,"72,8",1,55,–,75,1,25,15
372,,80,16,"22,9","15,6","0,71",–,5 000,"0,27",▶,6010-2RS1,,6010-RS1,,"59,7",–,–,"72,8",1,55,59,75,1,25,15
373,,80,16,"22,9","15,6","0,71",18 000,9 000,"0,27",,6010-2RZ,,6010-RZ,,"59,7",–,–,"72,8",1,55,59,75,1,25,15
374,,80,16,"22,9","15,6","0,71",18 000,9 000,"0,27",▶,6010-2Z,,6010-Z,,"59,7",–,–,"72,8",1,55,59,75,1,25,15
375,,80,23,"21,6","15,6","0,71",–,5 000,"0,38",,63010-2RS1,,–,,"59,7",–,–,"72,8",1,55,59,75,1,25,15
376,,90,20,"37,1","23,2","0,98",15 000,10 000,"0,46",▶,6210,,–,,"62,5",–,–,"81,7","1,1",57,–,83,1,25,14
377,,90,20,"37,1","23,2","0,98",15 000,14 000,"0,52",,6210 M,,–,,"62,5",–,–,"81,7","1,1",57,–,83,1,25,14
378,,90,20,"37,1","23,2","0,98",–,4 800,"0,46",▶,6210-2RSH,▶,6210-RSH,,–,"58,8",–,"82,2","1,1",57,58,83,1,25,14
379,50,90,20,"37,1","23,2","0,98",15 000,8 000,"0,47",▶,6210-2Z,,6210-Z,50,"62,5",–,–,"81,7","1,1",57,62,83,1,25,14
380,cont,90,20,"37,1","23,2","0,98",15 000,8 000,"0,48",,6210-2RZ,,6210-RZ,cont,"62,5",–,–,"81,7","1,1",57,62,83,1,25,14
381,,90,23,"35,1","23,2","0,98",–,4 800,"0,54",,62210-2RS1,,–,,"62,5",–,–,"81,7","1,1",57,62,83,1,25,14
382,,110,27,65,38,"1,6",13 000,8 500,"1,3",,6310 M,,–,,"68,7",–,–,"95,2",2,61,–,99,2,"0,03",13
383,,110,27,65,38,"1,6",–,4 300,"1,1",▶,6310-2RSH,▶,6310-RSH,,–,"64,7",–,"95,9",2,61,64,99,2,"0,03",13
384,,110,27,65,38,"1,6",13 000,8 500,"1,1",▶,6310,,–,,"68,7",–,–,"95,2",2,61,–,99,2,"0,03",13
385,,110,27,65,38,"1,6",13 000,6 700,"1,1",▶,6310-2Z,,6310-Z,,"68,7",–,–,"95,2",2,61,68,99,2,"0,03",13
386,,110,40,"61,8",38,"1,6",–,4 300,"1,6",,62310-2RS1,,–,,"68,7",–,–,"95,2",2,61,68,99,2,"0,03",13
387,,130,31,"87,1",52,"2,2",12 000,7 500,"1,95",,6410,,–,,"75,4",–,105,–,"2,1",64,–,116,2,35,12
388,55,72,9,"9,04","8,8",375,–,5 300,83,▶,61811-2RS1,,–,55,"60,3",–,–,"68,6","0,3",57,60,70,"0,3",15,17
389,,72,9,"9,04","8,8",375,19 000,9 500,83,▶,61811-2RZ,,–,,"60,3",–,–,"68,6","0,3",57,60,70,"0,3",15,17
390,,72,9,"9,04","8,8",375,19 000,12 000,83,▶,61811,,–,,"60,3",–,67,–,"0,3",57,–,70,"0,3",15,17
391,,80,13,"16,5",14,"0,6",–,5 000,"0,19",▶,61911-2RS1,,–,,63,–,–,"74,2",1,60,63,75,1,"0,02",16
392,,80,13,"16,5",14,"0,6",17 000,8 500,"0,19",,61911-2RZ,,–,,63,–,–,"74,2",1,60,63,75,1,"0,02",16
393,,80,13,"16,5",14,"0,6",17 000,11 000,"0,19",▶,61911,,–,,63,–,"72,3",–,1,60,–,75,1,"0,02",16
394,,90,11,"20,3",14,695,16 000,10 000,"0,26",▶,16011,,–,,67,–,"78,1",–,"0,6",59,–,86,"0,6","0,02",14
395,,90,18,"29,6","21,2","0,9",16 000,14 000,"0,44",,6011 M,,–,,"66,3",–,–,"81,5","1,1",61,–,84,1,25,15
396,,90,18,"29,6","21,2","0,9",16 000,10 000,"0,38",▶,6011,,–,,"66,3",–,–,"81,5","1,1",61,–,84,1,25,15
397,,90,18,"29,6","21,2","0,9",–,4 500,"0,4",▶,6011-2RS1,,6011-RS1,,"66,3",–,–,"81,5","1,1",61,66,84,1,25,15
398,,90,18,"29,6","21,2","0,9",16 000,8 000,"0,4",▶,6011-2Z,,6011-Z,,"66,3",–,–,"81,5","1,1",61,66,84,1,25,15
399,,100,21,"46,2",29,"1,25",14 000,9 000,"0,61",▶,6211,,–,,69,–,–,"89,4","1,5",64,–,91,"1,5",25,14
400,,100,21,"46,2",29,"1,25",14 000,13 000,"0,72",,6211 M,,–,,69,–,–,"89,4","1,5",64,–,91,"1,5",25,14
401,,100,21,"46,2",29,"1,25",–,4 300,"0,62",▶,6211-2RSH,▶,6211-RSH,,–,"65,2",–,"90,5","1,5",64,64,91,"1,5",25,14
402,,100,21,"46,2",29,"1,25",14 000,7 000,"0,64",▶,6211-2Z,,6211-Z,,69,–,–,"89,4","1,5",64,69,91,"1,5",25,14
403,,100,25,"43,6",29,"1,25",–,4 300,"0,75",,62211-2RS1,,–,,69,–,–,"89,4","1,5",64,69,91,"1,5",25,14
404,,120,29,"74,1",45,"1,9",12 000,8 000,"1,35",▶,6311,,–,,"75,3",–,–,104,2,66,–,109,2,"0,03",13
405,,120,29,"74,1",45,"1,9",12 000,11 000,"1,65",,6311 M,,–,,"75,3",–,–,104,2,66,–,109,2,"0,03",13
406,,120,29,"74,1",45,"1,9",–,3 800,"1,4",▶,6311-2RSH,▶,6311-RSH,,–,"71,1",–,105,2,66,70,109,2,"0,03",13
407,,120,29,"74,1",45,"1,9",12 000,6 300,"1,4",▶,6311-2Z,,6311-Z,,"75,3",–,–,104,2,66,75,109,2,"0,03",13
408,,120,43,"71,5",45,"1,9",–,3 800,"2,05",,62311-2RS1,,–,,"75,3",–,–,104,2,66,75,109,2,"0,03",13
409,,140,33,"99,5",62,"2,6",11 000,7 000,"2,35",,6411,,–,,"81,5",–,114,–,"2,1",69,–,126,2,35,12
410,60,78,10,"11,9","11,4","0,49",–,4 800,"0,11",▶,61812-2RS1,,–,60,"65,4",–,–,"74,5","0,3",62,65,76,"0,3",15,61
411,,78,10,"11,9","11,4","0,49",17 000,8 500,"0,11",▶,61812-2RZ,,–,,"65,4",–,–,"74,5","0,3",62,65,76,"0,3",15,
412,,78,10,"11,9","11,4","0,49",17 000,11 000,"0,11",▶,61812,,–,,"65,4",–,"72,9",–,"0,3",62,–,76,"0,3",15,
413,,85,13,"16,5",12,"0,6",–,4 500,"0,21",▶,61912-2RS1,,–,,"68,3",–,–,"78,7",1,65,68,80,1,"0,02",
414,,85,13,"16,5",12,"0,6",16 000,10 000,"0,2",▶,61912,,–,,"68,3",–,–,"78,7",1,65,–,80,1,"0,02",
415,,85,13,"16,5","14,3","0,6",16 000,8 000,"0,2",,61912-2RZ,,–,,"68,3",–,–,"78,7",1,65,68,80,1,"0,02",
416,,95,11,"20,8",15,735,15 000,9 500,"0,29",▶,16012,,–,,72,–,83,–,"0,6",64,–,91,"0,6","0,02",
417,,95,18,"30,7","23,2","0,98",15 000,9 500,"0,41",▶,6012,,–,,"71,3",–,–,"86,5","1,1",66,–,89,1,25,
418,,95,18,"30,7","23,2","0,98",–,4 300,"0,43",▶,6012-2RS1,,6012-RS1,,"71,3",–,–,"86,5","1,1",66,71,89,1,25,
419,,95,18,"30,7","23,2","0,98",15 000,7 500,"0,43",,6012-2RZ,,6012-RZ,,"71,3",–,–,"86,5","1,1",66,71,89,1,25,
420,,95,18,"30,7","23,2","0,98",15 000,7 500,"0,43",▶,6012-2Z,,6012-Z,,"71,3",–,–,"86,5","1,1",66,71,89,1,25,
421,,110,22,"55,3",36,"1,53",13 000,8 000,"0,78",▶,6212,,–,,"75,5",–,–,98,"1,5",69,–,101,"1,5",25,
422,,110,22,"55,3",36,"1,53",13 000,8 000,"0,93",,6212 M,,–,,"75,5",–,–,98,"1,5",69,–,101,"1,5",25,
423,,110,22,"55,3",36,"1,53",–,4 000,"0,79",▶,6212-2RSH,▶,6212-RSH,,–,"71,5",–,"99,5","1,5",69,71,101,"1,5",25,
424,,110,22,"55,3",36,"1,53",13 000,6 300,"0,81",▶,6212-2Z,,6212-Z,,"75,5",–,–,98,"1,5",69,75,101,"1,5",25,
425,,110,28,"52,7",36,"1,53",–,4 000,1,,62212-2RS1,,–,,"75,5",–,–,98,"1,5",69,75,101,"1,5",25,
426,,130,31,"85,2",52,"2,2",11 000,7 000,"2,1",,6312 M,,–,,"81,8",–,–,113,"2,1",72,–,118,2,"0,03",
427,,130,31,"85,2",52,"2,2",–,3 400,"1,75",▶,6312-2RSH,▶,6312-RSH,,–,"77,5",–,113,"2,1",72,77,118,2,"0,03",
428,,130,31,"85,2",52,"2,2",11 000,5 600,"1,8",▶,6312-2Z,,6312-Z,,"81,8",–,–,113,"2,1",72,81,118,2,"0,03",
429,,130,31,"85,2",52,"2,2",11 000,7 000,"1,7",▶,6312,,–,,"81,8",–,–,113,"2,1",72,–,118,2,"0,03",
430,,130,46,"81,9",52,"2,2",–,3 400,"2,55",,62312-2RS1,,–,,"81,8",–,–,113,"2,1",72,81,118,2,"0,03",
431,,150,35,108,"69,5","2,9",10 000,6 300,"2,85",,6412,,–,,"88,1",–,122,–,"2,1",74,–,136,2,35,
432,65,85,10,"12,4","12,7","0,54",–,4 500,"0,13",▶,61813-2RS1,,–,65,"71,4",–,–,"80,5","0,6",69,71,81,"0,6",15,66
433,,85,10,"12,4","12,7","0,54",16 000,8 000,"0,13",▶,61813-2RZ,,–,,"71,4",–,–,"80,5","0,6",69,71,81,"0,6",15,
434,,85,10,"12,4","12,7","0,54",16 000,10 000,"0,13",▶,61813,,–,,"71,4",–,"78,9",–,"0,6",69,–,81,"0,6",15,
435,,90,13,"17,4",16,"0,68",–,4 300,"0,22",▶,61913-2RS1,,–,,73,–,–,"84,2",1,70,73,85,1,"0,02",
436,,90,13,"17,4",16,"0,68",15 000,7 500,"0,22",,61913-2RZ,,–,,73,–,–,"84,2",1,70,73,85,1,"0,02",
437,,90,13,"17,4",16,"0,68",15 000,9 500,"0,22",▶,61913,,–,,73,–,"82,3",–,1,70,–,85,1,"0,02",
438,,100,11,"22,5","19,6","0,83",14 000,9 000,"0,3",▶,16013,,–,,"76,5",–,"88,4",–,"0,6",69,–,96,"0,6","0,02",
439,,100,18,"31,9",25,"1,06",14 000,9 000,"0,44",▶,6013,,–,,"76,3",–,–,"91,5","1,1",71,–,94,1,25,
440,,100,18,"31,9",25,"1,06",14 000,12 000,"0,44",,6013 M,,–,,"76,3",–,–,"91,5","1,1",71,–,94,1,25,
441,,100,18,"31,9",25,"1,06",–,4 000,"0,45",▶,6013-2RS1,,6013-RS1,,"76,3",–,–,"91,5","1,1",71,76,94,1,25,
442,,100,18,"31,9",25,"1,06",14 000,7 000,"0,46",▶,6013-2Z,,6013-Z,,"76,3",–,–,"91,5","1,1",71,76,94,1,25,
443,,120,23,"58,5","40,5","1,73",12 000,10 000,"1,2",,6213 M,,–,,"83,3",–,–,106,"1,5",74,–,111,"1,5",25,
444,65,120,23,"58,5","40,5","1,73",12 000,7 500,1,▶,6213,–,,65,"83,3",–,–,106,"1,5",74,–,111,"1,5",25,66
445,cont,120,23,"58,5","40,5","1,73",–,3 600,"1,05",▶,6213-2RS1,6213-RS1,,cont,"83,3",–,–,106,"1,5",74,83,111,"1,5",25,cont
446,,120,23,"58,5","40,5","1,73",12 000,6 000,"1,05",▶,6213-2Z,6213-Z,,,"83,3",–,–,106,"1,5",74,83,111,"1,5",25,
447,,120,31,"55,9","40,5","1,73",–,3 600,"1,4",,62213-2RS1,–,,,"83,3",–,–,106,"1,5",74,83,111,"1,5",25,
448,,140,33,"97,5",60,"2,5",10 000,6 700,"2,55",,6313 M,–,,,"88,3",–,–,122,"2,1",77,–,128,2,"0,03",
449,,140,33,"97,5",60,"2,5",10 000,6 700,"2,1",▶,6313,–,,,"88,3",–,–,122,"2,1",77,–,128,2,"0,03",
450,,140,33,"97,5",60,"2,5",–,3 200,"2,15",▶,6313-2RS1,6313-RS1,,,"88,3",–,–,122,"2,1",77,88,128,2,"0,03",
451,,140,33,"97,5",60,"2,5",10 000,5 300,"2,15",▶,6313-2Z,6313-Z,,,"88,3",–,–,122,"2,1",77,88,128,2,"0,03",
452,,140,48,"92,3",60,"2,5",–,3 200,3,,62313-2RS1,–,,,"88,3",–,–,122,"2,1",77,88,128,2,"0,03",
453,,160,37,119,78,"3,15",9 500,6 000,"3,35",,6413,–,,,94,–,131,–,"2,1",79,–,146,2,35,
454,70,90,10,"12,4","13,2","0,56",–,4 300,"0,14",▶,61814-2RS1,–,,70,"76,4",–,–,"85,5","0,6",74,76,86,"0,6",15,71
455,,90,10,"12,4","13,2","0,56",15 000,7 500,"0,14",▶,61814-2RZ,–,,,"76,4",–,–,"85,5","0,6",74,76,86,"0,6",15,
456,,90,10,"12,4","13,2","0,56",15 000,9 000,"0,14",▶,61814,–,,,"76,4",–,"83,9",–,"0,6",74,–,86,"0,6",15,
457,,100,16,"23,8","18,3","0,9",14 000,8 500,"0,34",▶,61914,–,,,"79,8",–,–,"92,9",1,75,–,95,1,"0,02",
458,,100,16,"23,8","21,2","0,9",–,4 000,"0,35",,61914-2RS1,–,,,"79,8",–,–,"92,9",1,75,79,95,1,"0,02",
459,,100,16,"23,8","21,2","0,9",14 000,7 000,"0,35",,61914-2RZ,–,,,"79,8",–,–,"92,9",1,75,79,95,1,"0,02",
460,,110,13,"29,1",25,"1,06",13 000,8 000,"0,44",▶,16014,–,,,"83,3",–,"96,8",–,"0,6",74,–,106,"0,6","0,02",
461,,110,20,"39,7",31,"1,32",13 000,11 000,"0,7",,6014 M,–,,,"82,8",–,–,"99,9","1,1",76,–,104,1,25,
462,,110,20,"39,7",31,"1,32",13 000,8 000,"0,61",▶,6014,–,,,"82,8",–,–,"99,9","1,1",76,–,104,1,25,
463,,110,20,"39,7",31,"1,32",–,3 600,"0,63",▶,6014-2RS1,6014-RS1,,,"82,8",–,–,"99,9","1,1",76,82,104,1,25,
464,,110,20,"39,7",31,"1,32",13 000,6 300,"0,64",▶,6014-2Z,6014-Z,,,"82,8",–,–,"99,9","1,1",76,82,104,1,25,
465,,125,24,"60,5",45,"1,9",11 000,10 000,"1,3",,6214 M,–,,,87,–,–,111,"1,5",79,–,116,"1,5",25,
466,,125,24,"63,7",45,"1,9",11 000,7 000,"1,1",▶,6214,–,,,87,–,–,111,"1,5",79,–,116,"1,5",25,
467,,125,24,"63,7",45,"1,9",–,3 400,"1,1",▶,6214-2RS1,6214-RS1,,,87,–,–,111,"1,5",79,87,116,"1,5",25,
468,,125,24,"63,7",45,"1,9",11 000,5 600,"1,15",▶,6214-2Z,6214-Z,,,87,–,–,111,"1,5",79,87,116,"1,5",25,
469,,125,31,"60,5",45,"1,9",–,3 400,"1,4",,62214-2RS1,–,,,87,–,–,111,"1,5",79,87,116,"1,5",25,
470,,150,35,111,68,"2,75",9 500,6 300,"2,55",▶,6314,–,,,"94,9",–,–,130,"2,1",82,–,138,2,"0,03",
471,,150,35,111,68,"2,75",9 500,6 300,"3,1",,6314 M,–,,,"94,9",–,–,130,"2,1",82,–,138,2,"0,03",
472,,150,35,111,68,"2,75",–,3 000,"2,6",▶,6314-2RS1,6314-RS1,,,"94,9",–,–,130,"2,1",82,94,138,2,"0,03",
473,,150,35,111,68,"2,75",9 500,5 000,"2,65",▶,6314-2Z,6314-Z,,,"94,9",–,–,130,"2,1",82,94,138,2,"0,03",
474,,150,51,104,68,"2,75",–,3 000,"3,75",,62314-2RS1,–,,,"94,9",–,–,130,"2,1",82,94,138,2,"0,03",
475,,180,42,143,104,"3,9",8 500,5 300,"4,95",,6414,–,,,103,–,146,–,3,86,–,164,"2,5",35,
476,75,95,10,"12,5","10,8",585,–,4 000,"0,15",▶,61815-2RS1,–,,75,"81,7",–,–,"90,7","1,3",79,81,91,"0,6",15,76
477,,95,10,"12,5","10,8",585,14 000,7 000,"0,15",▶,61815-2RZ,–,,,"81,7",–,–,"90,7","1,3",79,81,91,"0,6",15,
478,,95,10,"12,5","10,8",585,14 000,8 500,"0,15",▶,61815,–,,,"81,7",–,–,"90,7","1,3",79,–,91,"0,6",15,
479,,105,16,"24,2","19,3",965,13 000,8 000,"0,36",▶,61915,–,,,"84,8",–,–,"97,9","1,9",80,–,100,1,"0,02",
480,,105,16,"24,2","22,4",965,–,3 600,"0,37",,61915-2RS1,–,,,"84,7",–,–,"98,3",1,80,84,100,1,"0,02",
481,,105,16,"24,2","22,4",965,13 000,6 300,"0,37",,61915-2RZ,–,,,"84,7",–,–,"98,3",1,80,84,100,1,"0,02",
482,,115,13,"30,2",27,"1,14",12 000,7 500,"0,46",▶,16015,–,,,"88,3",–,102,–,"0,6",79,–,111,"0,6","0,02",
483,,115,20,"41,6","33,5","1,43",12 000,10 000,"0,74",,6015 M,–,,,"87,8",–,–,105,"1,1",81,–,109,1,25,
484,,115,20,"41,6","33,5","1,43",12 000,7 500,"0,65",▶,6015,–,,,"87,8",–,–,105,"1,1",81,–,109,1,25,
485,,115,20,"41,6","33,5","1,43",–,3 400,"0,67",▶,6015-2RS1,6015-RS1,,,"87,8",–,–,105,"1,1",81,87,109,1,25,
486,,115,20,"41,6","33,5","1,43",12 000,6 000,"0,67",,6015-2RZ,6015-RZ,,,"87,8",–,–,105,"1,1",81,87,109,1,25,
487,,115,20,"41,6","33,5","1,43",12 000,6 000,"0,68",▶,6015-2Z,6015-Z,,,"87,8",–,–,105,"1,1",81,87,109,1,25,
488,,130,25,"68,9",49,"2,04",10 000,9 500,"1,4",,6215 M,–,,,92,–,–,117,"1,5",84,–,121,"1,5",25,
489,,130,25,"68,9",49,"2,04",10 000,6 700,"1,2",▶,6215,–,,,92,–,–,117,"1,5",84,–,121,"1,5",25,
490,,130,25,"68,9",49,"2,04",–,3 200,"1,2",▶,6215-2RS1,6215-RS1,,,92,–,–,117,"1,5",84,92,121,"1,5",25,
491,,130,25,"68,9",49,"2,04",10 000,5 300,"1,25",▶,6215-2Z,6215-Z,,,92,–,–,117,"1,5",84,92,121,"1,5",25,
492,,160,37,119,"76,5",3,9 000,5 600,"3,05",▶,6315,–,,,101,–,–,139,"2,1",87,–,148,2,"0,03",
493,,160,37,119,"76,5",3,9 000,5 600,"3,7",,6315 M,–,,,101,–,–,139,"2,1",87,–,148,2,"0,03",
494,,160,37,119,"76,5",3,–,2 800,"3,15",▶,6315-2RS1,6315-RS1,,,101,–,–,139,"2,1",87,100,148,2,"0,03",
495,,160,37,119,"76,5",3,9 000,4 500,"3,15",▶,6315-2Z,6315-Z,,,101,–,–,139,"2,1",87,100,148,2,"0,03",
496,,190,45,153,114,"4,15",8 000,5 000,"5,8",,6415,–,,,110,–,155,–,3,91,–,174,"2,5",35,
497,80,100,10,"12,7","11,2","0,61",–,3 600,"0,16",▶,61816-2RS1,–,,80,"86,7",–,–,"95,7","1,3",84,86,96,"0,6",15,81
498,,100,10,"12,7","11,2","0,61",13 000,8 000,"0,15",▶,61816,–,,,"86,7",–,–,"95,7","1,3",84,–,96,"0,6",15,
499,,110,16,"25,1","20,4","1,02",–,3 400,"0,4",▶,61916-2RS1,–,,,"89,8",–,–,103,1,85,89,105,1,"0,02",
500,,110,16,"25,1","20,4","1,02",12 000,6 000,"0,4",▶,61916-2RZ,–,,,"89,8",–,–,103,1,85,89,105,1,"0,02",
501,,110,16,"25,1","20,4","1,02",12 000,7 500,"0,38",▶,61916,–,,,"89,8",–,–,103,1,85,–,105,1,"0,02",
502,,125,14,"35,1","31,5","1,32",11 000,7 000,"0,61",▶,16016,–,,,"95,3",–,110,–,"0,6",84,–,121,"0,6","0,02",
503,,125,22,"49,4",40,"1,66",11 000,7 000,"0,86",▶,6016,–,,,"94,4",–,–,115,"1,1",86,–,119,1,25,
504,,125,22,"49,4",40,"1,66",–,3 200,"0,88",▶,6016-2RS1,6016-RS1,,,"94,4",–,–,115,"1,1",86,94,119,1,25,
505,,125,22,"49,4",40,"1,66",11 000,5 600,"0,89",▶,6016-2Z,6016-Z,,,"94,4",–,–,115,"1,1",86,94,119,1,25,
506,,140,26,"72,8",55,"2,2",9 500,6 000,"1,45",▶,6216,–,,,101,–,–,127,2,91,–,129,2,25,
507,,140,26,"72,8",55,"2,2",9 500,8 500,"1,7",,6216 M,–,,,101,–,–,127,2,91,–,129,2,25,
508,,140,26,"72,8",55,"2,2",–,3 000,"1,5",▶,6216-2RS1,6216-RS1,,,101,–,–,127,2,91,100,129,2,25,
509,80,140,26,"72,8",55,"2,2",9 500,4 800,"1,55",▶,6216-2Z,6216-Z,,80,101,–,–,127,2,91,100,129,2,25,81
510,cont,170,39,130,"86,5","3,25",8 500,7 500,"4,4",,6316 M,–,,cont,108,–,–,147,"2,1",92,–,158,2,"0,03",cont
511,,170,39,130,"86,5","3,25",8 500,5 300,"3,65",▶,6316,–,,,108,–,–,147,"2,1",92,–,158,2,"0,03",
512,,170,39,130,"86,5","3,25",–,2 600,"3,7",▶,6316-2RS1,6316-RS1,,,108,–,–,147,"2,1",92,107,158,2,"0,03",
513,,170,39,130,"86,5","3,25",8 500,4 300,"3,75",▶,6316-2Z,6316-Z,,,108,–,–,147,"2,1",92,107,158,2,"0,03",
514,,200,48,163,125,"4,5",7 500,4 800,"6,85",,6416,–,,,116,–,163,–,3,96,–,184,"2,5",35,
515,85,110,13,"19,5","16,6","0,88",–,3 400,"0,28",▶,61817-2RS1,–,,85,"93,3",–,–,105,"1,9",90,93,105,1,15,86
516,,110,13,"19,5","16,6","0,88",12 000,6 000,"0,28",▶,61817-2RZ,–,,,"93,3",–,–,105,"1,9",90,93,105,1,15,
517,,110,13,"19,5","16,6","0,88",12 000,7 500,"0,26",▶,61817,–,,,"93,3",–,–,105,"1,9",90,–,105,1,15,
518,,120,18,"31,9",30,"1,25",11 000,7 000,"0,55",▶,61917,–,,,"96,4",–,109,–,"1,1",91,–,114,1,"0,02",
519,,130,14,"35,8","33,5","1,37",11 000,6 700,"0,64",▶,16017,–,,,100,–,115,–,"0,6",89,–,126,"0,6","0,02",
520,,130,22,52,43,"1,76",11 000,6 700,"0,9",▶,6017,–,,,"99,4",–,–,120,"1,1",92,–,123,1,25,
521,,130,22,52,43,"1,76",–,3 000,"0,93",▶,6017-2RS1,6017-RS1,,,"99,4",–,–,120,"1,1",92,99,123,1,25,
522,,130,22,52,43,"1,76",11 000,5 300,"0,94",▶,6017-2Z,6017-Z,,,"99,4",–,–,120,"1,1",92,99,123,1,25,
523,,150,28,"87,1",64,"2,5",9 000,8 000,2,,6217 M,–,,,106,–,–,135,2,96,–,139,2,25,
524,,150,28,"87,1",64,"2,5",9 000,5 600,"1,8",▶,6217,–,,,106,–,–,135,2,96,–,139,2,25,
525,,150,28,"87,1",64,"2,5",–,2 800,"1,9",▶,6217-2RS1,6217-RS1,,,106,–,–,135,2,96,105,139,2,25,
526,,150,28,"87,1",64,"2,5",9 000,4 500,"1,9",▶,6217-2Z,6217-Z,,,106,–,–,135,2,96,105,139,2,25,
527,,180,41,140,"96,5","3,55",8 000,5 000,"4,25",▶,6317,–,,,114,–,–,156,3,99,–,166,"2,5","0,03",
528,,180,41,140,"96,5","3,55",8 000,7 500,"5,2",,6317 M,–,,,114,–,–,156,3,99,–,166,"2,5","0,03",
529,,180,41,140,"96,5","3,55",–,2 400,"4,35",▶,6317-2RS1,6317-RS1,,,114,–,–,156,3,99,114,166,"2,5","0,03",
530,,180,41,140,"96,5","3,55",8 000,4 000,"4,4",▶,6317-2Z,6317-Z,,,114,–,–,156,3,99,114,166,"2,5","0,03",
531,,210,52,174,137,"4,75",7 000,4 500,"8,05",,6417,–,,,123,–,172,–,4,105,–,190,3,35,
532,90,115,13,"19,5",17,915,–,3 200,"0,29",▶,61818-2RS1,–,,90,"98,3",–,–,110,1,95,98,110,1,15,91
533,,115,13,"19,5",17,915,11 000,5 600,"0,29",▶,61818-2RZ,–,,,"98,3",–,–,110,1,95,98,110,1,15,
534,,115,13,"19,5",17,915,11 000,7 000,"0,28",▶,61818,–,,,"98,3",–,–,110,1,95,–,110,1,15,
535,,125,18,"33,2","31,5","1,29",11 000,6 700,"0,59",▶,61918,–,,,101,–,114,–,"1,1",96,–,119,1,"0,02",
536,,140,16,"43,6",39,"1,56",10 000,6 300,"0,85",▶,16018,–,,,106,–,124,–,1,95,–,135,1,"0,02",
537,,140,24,"60,5",50,"1,96",10 000,8 500,"1,35",,6018 M,–,,,105,–,–,129,"1,5",97,–,133,"1,5",25,
538,,140,24,"60,5",50,"1,96",10 000,6 300,"1,15",▶,6018,–,,,105,–,–,129,"1,5",97,–,133,"1,5",25,
539,,140,24,"60,5",50,"1,96",–,2 800,"1,2",▶,6018-2RS1,6018-RS1,,,105,–,–,129,"1,5",97,105,133,"1,5",25,
540,,140,24,"60,5",50,"1,96",10 000,5 000,"1,2",▶,6018-2Z,6018-Z,,,105,–,–,129,"1,5",97,105,133,"1,5",25,
541,,160,30,101,"73,5","2,8",8 500,5 300,"2,2",▶,6218,–,,,112,–,–,143,2,101,–,149,2,25,
542,,160,30,101,"73,5","2,8",8 500,5 300,"2,65",,6218 M,–,,,112,–,–,143,2,101,–,149,2,25,
543,,160,30,101,"73,5","2,8",–,2 600,"2,3",▶,6218-2RS1,6218-RS1,,,112,–,–,143,2,101,112,149,2,25,
544,90,160,30,101,"73,5","2,8",8 500,4 300,"2,3",▶,6218-2Z,6218-Z,,90,112,–,–,143,2,101,112,149,2,25,91
545,cont,190,43,151,108,"3,8",7 500,7 000,"6,1",,6318 M,–,,cont,121,–,–,164,3,104,–,176,"2,5","0,03",cont
546,,190,43,151,108,"3,8",7 500,4 800,"4,95",▶,6318,–,,,121,–,–,164,3,104,–,176,"2,5","0,03",
547,,190,43,151,108,"3,8",–,2 400,"5,1",▶,6318-2RS1,6318-RS1,,,121,–,–,164,3,104,120,176,"2,5","0,03",
548,,190,43,151,108,"3,8",7 500,3 800,"5,15",▶,6318-2Z,6318-Z,,,121,–,–,164,3,104,120,176,"2,5","0,03",
549,,225,54,186,150,5,6 700,4 300,"9,8",,6418,–,,,132,–,181,–,4,110,–,205,3,35,
550,95,120,13,"19,9","17,6","0,93",–,3 000,"0,31",▶,61819-2RS1,–,,95,103,–,–,115,1,100,102,115,1,15,96
551,,120,13,"19,9","17,6","0,93",11 000,6 700,"0,29",▶,61819,–,,,103,–,–,115,1,100,–,115,1,15,
552,,130,18,"33,8","33,5","1,34",–,3 000,"0,65",,61919-2RS1,–,,,106,–,–,122,"1,1",101,105,124,1,"0,02",
553,,130,18,"33,8","33,5","1,34",10 000,6 300,"0,61",,61919,–,,,106,–,119,–,"1,1",101,–,124,1,"0,02",
554,,145,16,"44,9","41,5","1,63",9 500,6 000,"0,89",▶,16019,–,,,111,–,129,–,1,100,–,140,1,"0,02",
555,,145,24,"63,7",54,"2,08",9 500,6 000,"1,2",▶,6019,–,,,111,–,–,134,"1,5",102,–,138,"1,5",25,
556,,145,24,"63,7",54,"2,08",–,2 800,"1,25",▶,6019-2RS1,–,,,111,–,–,134,"1,5",102,111,138,"1,5",25,
557,,145,24,"63,7",54,"2,08",9 500,4 800,"1,25",▶,6019-2Z,6019-Z,,,111,–,–,134,"1,5",102,111,138,"1,5",25,
558,,170,32,114,"81,5",3,8 000,5 000,"2,65",▶,6219,–,,,118,–,–,152,"2,1",107,–,158,2,25,
559,,170,32,114,"81,5",3,8 000,5 000,"3,2",,6219 M,–,,,118,–,–,152,"2,1",107,–,158,2,25,
560,,170,32,114,"81,5",3,–,2 400,"2,7",▶,6219-2RS1,6219-RS1,,,118,–,–,152,"2,1",107,118,158,2,25,
561,,170,32,114,"81,5",3,8 000,4 000,"2,7",▶,6219-2Z,6219-Z,,,118,–,–,152,"2,1",107,118,158,2,25,
562,,200,45,159,118,"4,15",7 000,4 500,"5,75",▶,6319,–,,,127,–,–,172,3,109,–,186,"2,5","0,03",
563,,200,45,159,118,"4,15",7 000,6 300,"7,05",,6319 M,–,,,127,–,–,172,3,109,–,186,"2,5","0,03",
564,,200,45,159,118,"4,15",–,2 200,"5,85",▶,6319-2RS1,6319-RS1,,,127,–,–,172,3,109,127,186,"2,5","0,03",
565,,200,45,159,118,"4,15",7 000,3 600,"5,85",▶,6319-2Z,6319-Z,,,127,–,–,172,3,109,127,186,"2,5","0,03",
566,100,125,13,"17,8","18,3","0,95",–,3 000,"0,32",▶,61820-2RS1,–,,100,108,–,–,120,1,105,107,120,1,15,101
567,,125,13,"17,8","18,3","0,95",10 000,5 300,"0,32",▶,61820-2RZ,–,,,108,–,–,120,1,105,107,120,1,15,
568,,125,13,"17,8","18,3","0,95",10 000,6 300,"0,3",▶,61820,–,,,108,–,–,120,1,105,–,120,1,15,
569,,140,20,"42,3","41,5","1,63",9 500,6 000,"0,83",,61920,–,,,112,–,128,–,"1,1",106,–,134,1,"0,02",
570,,150,16,"46,2",44,"1,7",9 500,5 600,"0,94",▶,16020,–,,,116,–,134,–,1,105,–,145,1,"0,02",
571,,150,24,"63,7",54,"2,04",9 500,7 500,"1,45",,6020 M,–,,,115,–,–,139,"1,5",107,–,143,"1,5",25,
572,,150,24,"63,7",54,"2,04",9 500,5 600,"1,25",▶,6020,–,,,115,–,–,139,"1,5",107,–,143,"1,5",25,
573,,150,24,"63,7",54,"2,04",–,2 600,"1,3",▶,6020-2RS1,6020-RS1,,,115,–,–,139,"1,5",107,115,143,"1,5",25,
574,,150,24,"63,7",54,"2,04",9 500,4 500,"1,3",▶,6020-2Z,6020-Z,,,115,–,–,139,"1,5",107,115,143,"1,5",25,
575,,180,34,127,93,"3,35",7 500,4 800,"3,2",▶,6220,–,,,124,–,–,160,"2,1",112,–,168,2,25,
576,,180,34,127,93,"3,35",7 500,7 000,"3,8",,6220 M,–,,,124,–,–,160,"2,1",112,–,168,2,25,
577,,180,34,127,93,"3,35",–,2 400,"3,3",▶,6220-2RS1,6220-RS1,,,124,–,–,160,"2,1",112,124,168,2,25,
578,100,180,34,127,93,"3,35",7 500,3 800,"3,3",▶,6220-2Z,6220-Z,,100,124,–,–,160,"2,1",112,124,168,2,25,101
579,cont,215,47,174,140,"4,75",6 700,4 300,"7,1",▶,6320,–,,cont,135,–,–,184,3,114,–,201,"2,5","0,03",cont
580,,215,47,174,140,"4,75",6 700,6 000,"8,7",,6320 M,–,,,135,–,–,184,3,114,–,201,"2,5","0,03",
581,,215,47,174,140,"4,75",–,2 000,"7,2",▶,6320-2RS1,6320-RS1,,,135,–,–,184,3,114,135,201,"2,5","0,03",
582,,215,47,174,140,"4,75",6 700,3 400,"7,3",▶,6320-2Z,6320-Z,,,135,–,–,184,3,114,135,201,"2,5","0,03",
583,105,130,13,"20,8","19,6",1,–,2 800,"0,33",▶,61821-2RS1,–,,105,112,–,–,125,1,110,112,125,1,15,106
584,,130,13,"20,8","19,6",1,10 000,5 000,"0,33",▶,61821-2RZ,–,,,112,–,–,125,1,110,112,125,1,15,
585,,130,13,"20,8","19,6",1,10 000,6 300,"0,31",▶,61821,–,,,112,–,–,125,1,110,–,125,1,15,
586,,145,20,"44,2",44,"1,7",9 500,5 600,"0,87",,61921,–,,,117,–,133,–,"1,1",111,–,139,1,"0,02",
587,,160,18,54,51,"1,86",8 500,5 300,"1,2",▶,16021,–,,,123,–,142,–,1,110,–,155,1,"0,02",
588,,160,26,"76,1","65,5","2,4",8 500,5 300,"1,6",▶,6021,–,,,122,–,–,147,2,116,–,149,2,25,
589,,160,26,"76,1","65,5","2,4",8 500,7 500,"1,85",,6021 M,–,,,122,–,–,147,2,116,–,149,2,25,
590,,160,26,"76,1","65,5","2,4",–,2 400,"1,65",▶,6021-2RS1,6021-RS1,,,122,–,–,147,2,116,122,149,2,25,
591,,160,26,"76,1","65,5","2,4",8 500,4 300,"1,65",▶,6021-2Z,6021-Z,,,122,–,–,147,2,116,122,149,2,25,
592,,190,36,140,104,"3,65",7 000,4 500,"3,8",▶,6221,–,,,131,–,–,167,"2,1",117,–,178,2,25,
593,,190,36,140,104,"3,65",7 000,3 600,"3,9",▶,6221-2Z,6221-Z,,,131,–,–,167,"2,1",117,131,178,2,25,
594,,225,49,182,153,"5,1",6 300,3 200,"8,25",,6321-2Z,6321-Z,,,141,–,–,194,3,119,140,211,"2,5","0,03",
595,,225,49,182,153,"5,1",6 300,4 000,"8,2",▶,6321,–,,,141,–,188,–,3,119,–,211,"2,5","0,03",
596,110,140,16,"28,1",26,"1,25",–,2 600,"0,6",▶,61822-2RS1,–,,110,118,–,–,135,1,115,118,135,1,15,111
597,,140,16,"28,1",26,"1,25",9 500,4 500,"0,6",▶,61822-2RZ,–,,,118,–,–,135,1,115,118,135,1,15,
598,,140,16,"28,1",26,"1,25",9 500,5 600,"0,47",▶,61822,–,,,118,–,–,135,1,115,–,135,1,15,
599,,150,20,"43,6",45,"1,66",9 000,5 600,"0,9",▶,61922,–,,,122,–,138,–,"1,1",116,–,144,1,"0,02",
600,,150,20,"43,6",45,"1,66",9 000,7 500,"1,05",▶,61922 MA,–,,,122,–,–,"81,5","1,1",116,–,144,1,"0,02",
601,,170,19,"60,5",57,"2,04",8 000,5 000,"1,45",▶,16022,–,,,130,–,150,–,1,115,–,165,1,"0,02",
602,,170,28,"85,2","73,5","2,6",8 000,5 000,"1,95",▶,6022,–,,,129,–,–,156,2,119,–,161,2,25,
603,,170,28,"85,2","73,5","2,6",8 000,7 000,"2,3",,6022 M,–,,,129,–,–,156,2,119,–,161,2,25,
604,,170,28,"85,2","73,5","2,6",–,2 400,2,▶,6022-2RS1,6022-RS1,,,129,–,–,156,2,119,128,161,2,25,
605,,170,28,"85,2","73,5","2,6",8 000,4 000,"2,05",▶,6022-2Z,6022-Z,,,129,–,–,156,2,119,128,161,2,25,
606,,200,38,151,118,4,6 700,4 300,"4,45",▶,6222,–,,,138,–,–,177,"2,1",122,–,188,2,25,
607,,200,38,151,118,4,–,2 000,"4,6",▶,6222-2RS1,6222-RS1,,,138,–,–,177,"2,1",122,137,188,2,25,
608,,200,38,151,118,4,6 700,3 400,"4,6",▶,6222-2Z,6222-Z,,,138,–,–,177,"2,1",122,137,188,2,25,
609,,240,50,203,180,"5,7",6 000,3 800,"9,65",▶,6322,–,,,149,–,200,–,3,124,–,226,"2,5","0,03",
610,,240,50,203,180,"5,7",6 000,5 300,"11,5",▶,6322 M,–,,,149,–,200,–,3,124,–,226,"2,5","0,03",
611,120,150,16,"29,1",28,"1,29",–,2 400,"0,65",▶,61824-2RS1,–,,120,128,–,–,145,1,125,128,145,1,15,121
612,,150,16,"29,1",28,"1,29",8 500,4 300,"0,65",▶,61824-2RZ,–,,,128,–,–,145,1,125,128,145,1,15,
613,,150,16,"29,1",28,"1,29",8 500,5 300,"0,51",▶,61824,–,,,128,–,–,145,1,125,–,145,1,15,
614,,165,22,"55,3",57,"2,04",8 000,5 000,"1,2",,61924,–,,,134,–,151,–,"1,1",126,–,159,1,"0,02",
615,,165,22,"55,3",57,"2,04",8 000,6 700,"1,4",,61924 MA,–,,,134,–,152,–,"1,1",126,–,159,1,"0,02",
616,,180,19,"63,7",64,"2,2",7 500,4 800,"1,55",▶,16024,–,,,139,–,161,–,1,125,–,175,1,"0,02",
617,,180,28,"88,4",80,"2,75",7 500,6 300,"2,45",,6024 MA,–,,,139,–,–,166,2,129,–,171,2,25,
618,,180,28,"88,4",80,"2,75",7 500,4 800,"2,1",▶,6024,–,,,139,–,–,166,2,129,–,171,2,25,
619,,180,28,"88,4",80,"2,75",–,2 200,"2,15",▶,6024-2RS1,6024-RS1,,,139,–,–,166,2,129,139,171,2,25,
620,,180,28,"88,4",80,"2,75",7 500,3 800,"2,2",▶,6024-2Z,6024-Z,,,139,–,–,166,2,129,139,171,2,25,
621,,215,40,146,118,"3,9",6 300,4 000,"5,25",▶,6224,–,,,150,–,185,–,"2,1",132,–,203,2,25,
622,,215,40,146,118,"3,9",6 300,5 600,"6,1",▶,6224 M,–,,,150,–,185,–,"2,1",132,–,203,2,25,
623,,215,40,146,118,"3,9",–,1 900,"5,35",▶,6224-2RS1,6224-RS1,,,150,–,–,190,"2,1",132,150,203,2,25,
624,,215,40,146,118,"3,9",6 300,3 200,"5,35",,6224-2Z,6224-Z,,,150,–,–,190,"2,1",132,150,203,2,25,
625,,260,55,208,186,"5,7",5 600,3 400,"12,5",▶,6324,–,,,164,–,215,–,3,134,–,246,"2,5","0,03",
626,,260,55,208,186,"5,7",5 600,5 000,14,▶,6324 M,–,,,164,–,215,–,3,134,–,246,"2,5","0,03",
627,,260,55,208,186,"5,7",–,1 700,"12,5",▶,6324-2RS1,6324-RS1,,,164,–,–,221,3,134,164,246,"2,5","0,03",
628,,260,55,208,186,"5,7",5 600,2 800,"12,5",,6324-2Z,6324-Z,,,164,–,–,221,3,134,164,246,"2,5","0,03",
629,130,165,18,"37,7",43,"1,6",–,2 200,"0,93",▶,61826-2RS1,–,,130,140,–,–,158,"1,1",136,139,159,1,15,131
630,,165,18,"37,7",43,"1,6",8 000,3 800,"0,93",▶,61826-2RZ,–,,,140,–,–,158,"1,1",136,139,159,1,15,
631,,165,18,"37,7",43,"1,6",8 000,4 800,"0,75",▶,61826,–,,,140,–,–,158,"1,1",136,–,159,1,15,
632,,180,24,65,67,"2,28",7 500,4 500,"1,6",▶,61926,–,,,145,–,164,–,"1,5",137,–,173,"1,5","0,02",
633,,200,22,"83,2","81,5","2,7",7 000,4 300,"2,35",▶,16026,–,,,153,–,176,–,"1,1",136,–,192,1,"0,02",
634,,200,33,112,100,"3,35",7 000,5 600,"3,75",,6026 M,–,,,152,–,–,182,2,139,–,191,2,25,
635,,200,33,112,100,"3,35",7 000,4 300,"3,3",▶,6026,–,,,152,–,–,182,2,139,–,191,2,25,
636,,200,33,112,100,"3,35",–,2 000,"3,3",▶,6026-2RS1,6026-RS1,,,152,–,–,182,2,139,152,191,2,25,
637,,200,33,112,100,"3,35",7 000,3 400,"3,35",▶,6026-2Z,6026-Z,,,152,–,–,182,2,139,152,191,2,25,
638,,230,40,156,132,"4,15",5 600,5 300,"6,95",,6226 M,–,,,160,–,198,–,3,144,–,216,"2,5",25,
639,,230,40,156,132,"4,15",5 600,3 600,"5,85",▶,6226,–,,,160,–,198,–,3,144,–,216,"2,5",25,
640,,230,40,156,132,"4,15",–,1 800,6,▶,6226-2RS1,6226-RS1,,,160,–,–,203,3,144,160,216,"2,5",25,
641,,230,40,156,132,"4,15",5 600,3 000,6,▶,6226-2Z,6226-Z,,,160,–,–,203,3,144,160,216,"2,5",25,
642,,280,58,229,216,"6,3",5 000,3 200,15,▶,6326,–,,,177,–,232,–,4,147,–,263,3,"0,03",
643,,280,58,229,216,"6,3",5 000,4 500,"17,5",▶,6326 M,–,,,177,–,232,–,4,147,–,263,3,"0,03",
644,140,175,18,39,"46,5","1,66",–,2 000,"0,99",,61828-2RS1,–,,140,150,–,–,167,"1,1",146,150,169,1,15,141
645,,175,18,39,"46,5","1,66",7 500,3 600,"0,99",▶,61828-2RZ,–,,,150,–,–,167,"1,1",146,150,169,1,15,
646,,175,18,39,"46,5","1,66",7 500,4 500,"0,82",▶,61828,–,,,150,–,–,167,"2,5",146,–,169,1,15,
647,,190,24,"66,3",72,"2,36",7 000,4 300,"1,7",,61928,–,,,156,–,174,–,"1,5",147,–,183,"1,5","0,02",
648,,190,24,"66,3",72,"2,36",7 000,5 600,2,▶,61928 MA,–,,,156,–,175,–,"1,5",147,–,183,"1,5","0,02",
649,,210,22,"80,6","86,5","2,8",6 700,4 000,"2,55",▶,16028,–,,,163,–,186,–,"1,1",146,–,204,1,"0,02",
650,,210,33,111,108,"3,45",6 700,5 300,4,▶,6028 M,–,,,162,–,–,192,2,149,–,201,2,25,
651,,210,33,111,108,"3,45",6 700,4 000,"3,45",▶,6028,–,,,162,–,–,192,2,149,–,201,2,25,
652,,210,33,111,108,"3,45",–,1 800,"3,55",▶,6028-2RS1,6028-RS1,,,162,–,–,192,2,149,162,201,2,25,
653,,210,33,111,108,"3,45",6 700,3 200,"3,55",▶,6028-2Z,6028-Z,,,162,–,–,192,2,149,162,201,2,25,
654,,250,42,165,150,"4,55",5 300,3 400,"7,75",▶,6228,–,,,175,–,213,–,3,154,–,236,"2,5",25,
655,,250,42,165,150,"4,55",5 300,4 800,"9,4",,6228 MA,–,,,175,–,214,–,3,154,–,236,"2,5",25,
656,,300,62,251,245,"7,1",4 800,3 000,"18,5",▶,6328,–,,,190,–,249,–,4,157,–,283,3,"0,03",
657,,300,62,251,245,"7,1",4 800,4 300,21,▶,6328 M,–,,,190,–,249,–,4,157,–,283,3,"0,03",
658,150,190,20,"48,8",61,"1,96",6 700,4 300,"1,2",▶,61830,–,,150,162,–,178,–,"2,5",156,–,184,1,15,151
659,,190,20,"48,8",61,"1,96",6 700,4 300,"1,35",▶,61830 MA,–,,,162,–,178,–,"1,1",156,–,184,1,15,
660,,210,28,"88,4",93,"2,9",6 300,5 300,"3,05",,61930 MA,–,,,169,–,192,–,2,159,–,201,2,"0,02",
661,,225,24,"92,2",98,"3,05",6 000,3 800,"3,15",▶,16030,–,,,174,–,200,–,"1,1",156,–,219,1,"0,02",
662,,225,35,125,125,"3,9",6 000,5 000,"4,9",▶,6030 M,–,,,174,–,–,206,"2,1",160,–,215,2,25,
663,,225,35,125,125,"3,9",6 000,3 800,"4,3",▶,6030,–,,,174,–,–,206,"2,1",160,–,215,2,25,
664,,225,35,125,125,"3,9",–,1 700,"4,35",▶,6030-2RS1,6030-RS1,,,174,–,–,206,"2,1",160,173,215,2,25,
665,,225,35,125,125,"3,9",6 000,3 000,"4,4",▶,6030-2Z,6030-Z,,,174,–,–,206,"2,1",160,173,215,2,25,
666,,270,45,174,166,"4,9",5 000,3 200,10,▶,6230,–,,,190,–,228,–,3,164,–,256,"2,5",25,
667,,270,45,174,166,"4,9",5 000,4 500,"11,5",▶,6230 M,–,,,190,–,228,–,3,164,–,256,"2,5",25,
668,,320,65,276,285,"7,8",4 300,2 800,23,▶,6330,–,,,205,–,264,–,4,167,–,303,3,"0,03",
669,,320,65,276,285,"7,8",4 300,4 000,"25,5",▶,6330 M,–,,,205,–,264,–,4,167,–,303,3,"0,03",
670,160,200,20,"49,4",64,2,6 300,4 000,"1,25",▶,61832,–,,160,172,–,188,–,"1,1",166,–,194,1,15,161
671,,220,28,"92,3",98,"3,05",6 000,3 800,"2,7",,61932,–,,,179,–,201,–,2,169,–,211,2,"0,02",
672,,220,28,"92,3",98,"3,05",6 000,5 000,"3,2",▶,61932 MA,–,,,179,–,202,–,2,169,–,211,2,"0,02",
673,,240,25,"99,5",108,"3,25",5 600,3 600,"3,65",▶,16032,–,,,185,–,214,–,"1,5",167,–,233,"1,5","0,02",
674,,240,38,143,143,"4,3",5 600,4 800,6,▶,6032 M,–,,,185,–,–,219,"2,1",169,–,231,2,25,
675,,240,38,143,143,"4,3",5 600,3 600,"5,2",▶,6032,–,,,185,–,–,219,"2,1",169,–,231,2,25,
676,,240,38,143,143,"4,3",–,1 600,"5,3",▶,6032-2RS1,6032-RS1,,,185,–,–,219,"2,1",169,185,231,2,25,
677,,240,38,143,143,"4,3",5 600,2 800,"5,4",▶,6032-2Z,6032-Z,,,185,–,–,219,"2,1",169,185,231,2,25,
678,,290,48,186,186,"5,3",4 500,3 000,13,▶,6232,–,,,205,–,243,–,3,174,–,276,"2,5",25,
679,160,290,48,186,186,"5,3",4 500,4 300,14,▶,6232 M,–,,160,205,–,243,–,3,174,–,276,"2,5",25,161
680,cont,340,68,276,285,"7,65",4 000,2 600,26,▶,6332,–,,cont,218,–,281,–,4,177,–,323,3,"0,03",cont
681,,340,68,276,285,"7,65",4 000,3 800,30,▶,6332 M,–,,,218,–,281,–,4,177,–,323,3,"0,03",
682,170,215,22,"61,8",78,"2,4",6 000,3 600,"1,65",▶,61834,–,,170,184,–,202,–,"1,1",176,–,209,1,15,171
683,,230,28,"93,6",106,"3,15",5 600,4 800,"3,35",,61934 MA,–,,,189,–,212,–,2,179,–,221,2,"0,02",
684,,260,28,119,129,"3,75",5 300,3 200,5,▶,16034,–,,,200,–,229,–,"1,5",177,–,253,"1,5","0,02",
685,,260,42,168,173,5,5 300,3 200,7,,6034,–,,,198,–,232,–,"2,1",180,–,250,2,25,
686,,260,42,168,173,5,5 300,4 300,"8,15",▶,6034 M,–,,,198,–,232,–,"2,1",180,–,250,2,25,
687,,310,52,212,224,"6,1",4 300,2 800,16,▶,6234,–,,,218,–,259,–,4,187,–,293,3,25,
688,,310,52,212,224,"6,1",4 300,3 800,"17,5",▶,6234 M,–,,,218,–,259,–,4,187,–,293,3,25,
689,,360,72,312,340,"8,8",3 800,2 400,31,▶,6334,–,,,230,–,299,–,4,187,–,343,3,"0,03",
690,,360,72,312,340,"8,8",3 800,3 400,35,▶,6334 M,–,,,230,–,299,–,4,187,–,343,3,"0,03",
691,180,225,22,"62,4","81,5","2,45",5 600,3 400,"1,75",▶,61836,–,,180,194,–,211,–,"1,1",186,–,219,1,15,181
692,,250,33,119,134,"3,9",5 300,3 200,5,,61936,–,,,202,–,228,–,2,189,–,241,2,"0,02",
693,,250,33,119,134,"3,9",5 300,4 300,5,▶,61936 MA,–,,,202,–,229,–,2,189,–,241,2,"0,02",
694,,280,31,138,146,"4,15",4 800,3 000,"6,5",▶,16036,–,,,213,–,246,–,2,189,–,271,2,"0,02",
695,,280,46,190,200,"5,6",4 800,3 000,"9,1",,6036,–,,,212,–,248,–,"2,1",190,–,270,2,25,
696,,280,46,190,200,"5,6",4 800,4 000,"10,5",▶,6036 M,–,,,212,–,248,–,"2,1",190,–,270,2,25,
697,,320,52,229,240,"6,4",4 000,2 600,16,,6236,–,,,226,–,274,–,4,197,–,303,3,25,
698,,320,52,229,240,"6,4",4 000,3 800,18,▶,6236 M,–,,,226,–,274,–,4,197,–,303,3,25,
699,,380,75,351,405,"10,4",3 600,2 200,"36,5",▶,6336,–,,,244,–,315,–,4,197,–,363,3,"0,03",
700,,380,75,351,405,"10,4",3 600,3 200,41,▶,6336 M,–,,,244,–,315,–,4,197,–,363,3,"0,03",
701,190,240,24,"76,1",98,"2,8",5 300,3 200,"2,25",▶,61838,–,,190,206,–,224,–,"1,5",197,–,233,"1,5",15,191
702,,260,33,117,134,"3,8",5 000,3 200,"4,5",,61938,–,,,212,–,238,–,2,199,–,251,2,"0,02",
703,,260,33,117,134,"3,8",5 000,4 300,"5,2",▶,61938 MA,–,,,212,–,239,–,2,199,–,251,2,"0,02",
704,,290,31,148,166,"4,55",4 800,3 000,"6,9",▶,16038,–,,,223,–,256,–,2,199,–,281,2,"0,02",
705,,290,46,195,216,"5,85",4 800,3 000,"9,55",,6038,–,,,222,–,258,–,"2,1",200,–,280,2,25,
706,,290,46,195,216,"5,85",4 800,3 800,11,▶,6038 M,–,,,222,–,258,–,"2,1",200,–,280,2,25,
707,,340,55,255,280,"7,35",3 800,2 400,"19,5",▶,6238,–,,,239,–,290,–,4,207,–,323,3,25,
708,,340,55,255,280,"7,35",3 800,3 400,"21,5",▶,6238 M,–,,,239,–,290,–,4,207,–,323,3,25,
709,,400,78,371,430,"10,8",3 400,2 200,42,,6338,–,,,259,–,331,–,5,210,–,380,4,"0,03",
710,,400,78,371,430,"10,8",3 400,3 000,"47,5",▶,6338 M,–,,,259,–,331,–,5,210,–,380,4,"0,03",
711,200,250,24,"76,1",102,"2,9",5 000,3 200,"2,35",▶,61840,–,,200,216,–,234,–,"1,5",207,–,243,"1,5",15,201
712,,280,38,148,166,"4,55",4 800,3 000,"6,3",,61940,–,,,225,–,255,–,"2,1",210,–,270,2,"0,02",
713,,280,38,148,166,"4,55",4 800,3 800,"7,3",▶,61940 MA,–,,,225,–,256,–,"2,1",210,–,270,2,"0,02",
714,200,310,34,168,190,"5,1",4 300,2 800,"8,8",▶,16040,–,,200,237,–,273,–,2,209,–,301,2,"0,02",201
715,cont,310,51,216,245,"6,4",4 300,2 800,"12,5",,6040,–,,cont,235,–,275,–,"2,1",210,–,300,2,25,cont
716,,310,51,216,245,"6,4",4 300,3 600,14,▶,6040 M,–,,,235,–,275,–,"2,1",210,–,300,2,25,
717,,360,58,270,310,"7,8",3 600,2 200,"23,5",,6240,–,,,254,–,303,–,4,217,–,343,3,25,
718,,360,58,270,310,"7,8",3 600,3 200,26,▶,6240 M,–,,,254,–,303,–,4,217,–,343,3,25,
719,220,270,24,78,110,3,4 500,2 800,"2,55",▶,61844,–,,220,236,–,254,–,"1,5",227,–,263,"1,5",15,221
720,,300,38,151,180,"4,75",4 300,2 600,"6,8",,61944,–,,,245,–,275,–,"2,1",230,–,290,2,"0,02",
721,,300,38,151,180,"4,75",4 300,3 600,"7,95",▶,61944 MA,–,,,245,–,276,–,"2,1",230,–,290,2,"0,02",
722,,340,37,174,204,"5,2",4 000,2 400,"11,5",▶,16044,–,,,261,–,298,–,"2,1",230,–,330,2,"0,02",
723,,340,56,247,290,"7,35",4 000,2 400,16,,6044,–,,,258,–,302,–,3,233,–,327,"2,5",25,
724,,340,56,247,290,"7,35",4 000,3 200,"18,5",▶,6044 M,–,,,258,–,302,–,3,233,–,327,"2,5",25,
725,,400,65,296,365,"8,8",3 200,2 000,"33,5",,6244,–,,,282,–,335,–,4,237,–,383,3,25,
726,,400,65,296,365,"8,8",3 200,3 000,"36,5",▶,6244 M,–,,,282,–,335,–,4,237,–,383,3,25,
727,,460,88,410,520,12,3 000,2 600,73,▶,6344 M,–,,,301,–,379,–,5,240,–,440,4,"0,03",
728,240,300,28,108,150,"3,8",4 000,2 600,"3,9",▶,61848,–,,240,259,–,281,–,2,249,–,291,2,15,241
729,,320,38,159,200,"5,1",4 000,2 400,"7,3",,61948,–,,,265,–,295,–,"2,1",250,–,310,2,"0,02",
730,,320,38,159,200,"5,1",4 000,3 200,"8,55",▶,61948 MA,–,,,265,–,296,–,"2,1",250,–,310,2,"0,02",
731,,360,37,203,255,"6,3",3 600,2 200,"12,5",▶,16048,–,,,279,–,318,–,"2,1",250,–,350,2,"0,02",
732,,360,37,203,255,"6,3",3 600,3 000,14,▶,16048 MA,–,,,279,–,321,–,"2,1",250,–,350,2,"0,02",
733,,360,56,255,315,"7,8",3 600,2 200,17,,6048,–,,,277,–,322,–,3,253,–,347,"2,5",25,
734,,360,56,255,315,"7,8",3 600,3 000,"19,5",▶,6048 M,–,,,277,–,322,–,3,253,–,347,"2,5",25,
735,,440,72,358,465,"10,8",3 000,2 600,51,▶,6248 M,–,,,309,–,371,–,4,257,–,423,3,25,
736,,500,95,442,585,"12,9",2 600,2 400,97,,6348 M,–,,,331,–,409,–,5,260,–,480,4,"0,03",
737,260,320,28,111,163,4,3 800,2 400,"4,15",▶,61852,–,,260,279,–,301,–,2,269,–,311,2,15,261
738,,360,46,212,270,"6,55",3 600,2 200,12,,61952,–,,,291,–,329,–,"2,1",270,–,350,2,"0,02",
739,,360,46,212,270,"6,55",3 600,3 000,"14,5",▶,61952 MA,–,,,291,–,330,–,"2,1",270,–,350,2,"0,02",
740,,400,44,238,310,"7,2",3 200,2 000,18,,16052,–,,,307,–,351,–,3,273,–,387,"2,5","0,02",
741,,400,44,238,310,"7,2",3 200,2 800,"22,5",▶,16052 MA,–,,,307,–,353,–,3,273,–,387,"2,5","0,02",
742,,400,65,291,375,"8,8",3 200,2 000,25,,6052,–,,,304,–,356,–,4,277,–,383,3,25,
743,,400,65,291,375,"8,8",3 200,2 800,29,▶,6052 M,–,,,304,–,356,–,4,277,–,383,3,25,
744,,480,80,390,530,"11,8",2 600,2 400,"65,5",▶,6252 M,–,,,337,–,403,–,5,280,–,460,4,25,
745,280,350,33,138,200,"4,75",3 400,2 200,"6,25",▶,61856,–,,280,302,–,327,–,2,289,–,341,2,15,281
746,,350,33,138,200,"4,75",3 400,2 800,"7,25",▶,61856 MA,–,,,302,–,328,–,"3,8",289,–,341,2,15,
747,,380,46,216,285,"6,7",3 200,2 000,12,,61956,–,,,311,–,349,–,"2,1",291,–,369,2,"0,02",
748,,380,46,216,285,"6,7",3 200,2 800,"15,5",▶,61956 MA,–,,,311,–,350,–,"2,1",291,–,369,2,"0,02",
749,,420,44,242,335,"7,5",3 000,1 900,19,,16056,–,,,327,–,371,–,3,293,–,407,"2,5","0,02",
750,,420,44,242,335,"7,5",3 000,2 600,"23,5",▶,16056 MA,–,,,327,–,374,–,3,293,–,407,"2,5","0,02",
751,,420,65,302,405,"9,3",3 000,1 900,26,,6056,–,,,324,–,376,–,4,296,–,404,3,25,
752,,420,65,302,405,"9,3",3 000,2 600,31,▶,6056 M,–,,,324,–,376,–,4,296,–,404,3,25,
753,,500,80,423,600,"12,9",2 600,2 200,72,,6256 M,–,,,355,–,425,–,5,300,–,480,4,25,
754,300,380,38,172,245,"5,6",3 200,2 000,"8,9",▶,61860,–,,300,325,–,355,–,"2,1",309,–,371,2,15,301
755,,380,38,172,245,"5,6",3 200,2 600,"10,5",▶,61860 MA,–,,,325,–,356,–,"2,1",309,–,371,2,15,
756,,420,56,270,375,"8,3",3 000,1 900,19,,61960,–,,,338,–,382,–,3,313,–,407,"2,5","0,02",
757,,420,56,270,375,"8,3",3 000,2 400,"24,5",▶,61960 MA,–,,,338,–,384,–,3,313,–,407,"2,5","0,02",
758,,460,50,286,405,"8,8",2 800,1 800,32,▶,16060 MA,–,,,352,–,407,–,4,315,–,445,3,"0,02",
759,,460,74,358,500,"10,8",2 800,2 400,44,▶,6060 M,–,,,351,–,409,–,4,315,–,445,3,25,
760,,540,85,462,670,"13,7",2 400,2 000,"88,5",,6260 M,–,,,383,–,457,–,5,320,–,520,4,25,
761,320,400,38,172,255,"5,7",3 000,1 900,"9,5",,61864,–,,320,345,–,375,–,"2,1",332,–,388,2,15,321
762,,400,38,172,255,"5,7",3 000,2 400,11,▶,61864 MA,–,,,345,–,376,–,"2,1",332,–,388,2,15,
763,,440,56,276,400,"8,65",2 800,2 400,"25,5",▶,61964 MA,–,,,357,–,403,–,3,333,–,427,"2,5","0,02",
764,,480,50,281,405,"8,65",2 600,2 200,34,▶,16064 MA,–,,,372,–,428,–,4,335,–,465,3,"0,02",
765,,480,74,371,540,"11,4",2 600,2 200,46,▶,6064 M,–,,,370,–,431,–,4,335,–,465,3,25,
766,340,420,38,178,275,6,2 800,1 800,10,,61868,–,,340,365,–,395,–,"2,1",352,–,408,2,15,341
767,,420,38,178,275,6,2 800,2 400,"11,5",▶,61868 MA,–,,,365,–,396,–,"2,1",352,–,408,2,15,
768,,460,56,281,425,9,2 600,2 200,"26,5",▶,61968 MA,–,,,378,–,422,–,3,353,–,447,"2,5","0,02",
769,,520,57,345,520,"10,6",2 400,2 000,45,,16068 MA,–,,,398,–,462,–,4,355,–,505,3,"0,02",
770,,520,82,423,640,"13,2",2 400,2 200,62,▶,6068 M,–,,,397,–,463,–,5,360,–,500,4,25,
771,360,440,38,182,285,"6,1",2 600,2 200,12,▶,61872 MA,–,,360,385,–,415,–,"2,1",372,–,428,2,15,361
772,,480,56,291,450,"9,15",2 600,2 200,28,▶,61972 MA,–,,,398,–,443,–,3,373,–,467,"2,5","0,02",
773,,540,57,351,550,11,1 800,1 400,49,,16072 MA,–,,,418,–,482,–,4,375,–,525,3,"0,02",
774,,540,82,442,695,14,2 400,1 900,"64,5",▶,6072 M,–,,,416,–,485,–,5,378,–,522,4,25,
775,380,480,46,242,390,8,2 400,2 000,20,▶,61876 MA,–,,380,412,–,449,–,"2,1",392,–,468,2,15,381
776,,520,65,338,540,"10,8",2 400,1 900,40,▶,61976 MA,–,,,425,–,476,–,4,395,–,505,3,"0,02",
777,,560,57,377,620,"12,2",2 200,1 400,51,,16076 MA,–,,,443,–,497,–,4,395,–,545,3,"0,02",
778,,560,82,436,695,"13,7",2 200,1 800,"70,5",▶,6076 M,–,,,437,–,503,–,5,400,–,542,4,25,
779,400,500,46,247,405,"8,15",2 400,1 900,"20,5",▶,61880 MA,–,,400,432,–,471,–,"2,1",412,–,488,2,15,401
780,,540,65,345,570,"11,2",2 200,1 800,"41,5",▶,61980 MA,–,,,445,–,496,–,4,415,–,525,3,"0,02",
781,,600,90,520,865,"16,3",2 000,1 700,"87,5",▶,6080 M,–,,,463,–,537,–,5,418,–,582,4,25,
782,420,520,46,251,425,"8,3",2 200,1 800,"21,5",▶,61884 MA,–,,420,452,–,491,–,"2,1",432,–,508,2,15,421
783,,560,65,351,600,"11,4",2 200,1 800,43,▶,61984 MA,–,,,465,–,516,–,4,435,–,545,3,"0,02",
784,,620,90,507,880,"16,3",2 000,1 600,"91,5",,6084 M,–,,,482,–,557,–,5,438,–,602,4,25,
785,440,540,46,255,440,"8,5",2 200,1 800,"22,5",▶,61888 MA,–,,440,472,–,510,–,"2,1",452,–,528,2,15,441
786,,600,74,410,720,"13,2",2 000,1 600,"60,5",,61988 MA,–,,,492,–,549,–,4,455,–,585,3,"0,02",
787,,650,94,553,965,"17,6",1 900,1 500,105,,6088 M,–,,,506,–,584,–,6,463,–,627,5,25,
788,460,580,56,319,570,"10,6",2 000,1 600,35,▶,61892 MA,–,,460,498,–,542,–,3,473,–,567,"2,5",15,461
789,,620,74,423,750,"13,7",1 900,1 600,"62,5",,61992 MA,–,,,511,–,569,–,4,476,–,604,3,"0,02",
790,,680,100,582,1 060,19,1 800,1 500,120,,6092 MB,–,,,528,–,614,–,6,483,–,657,5,25,
791,480,600,56,325,600,"10,8",1 900,1 600,"36,5",▶,61896 MA,–,,480,518,–,564,–,3,493,–,587,"2,5",15,481
792,,650,78,449,815,"14,6",1 800,1 500,74,,61996 MA,–,,,535,–,595,–,5,498,–,632,4,"0,02",
793,,700,100,618,1 140,20,1 700,1 400,125,,6096 MB,–,,,550,–,630,–,6,503,–,677,5,25,
794,500,620,56,332,620,"11,2",1 800,1 500,"40,5",▶,618/500 MA,–,,500,538,–,582,–,3,513,–,607,"2,5",15,501
795,,670,78,462,865,15,1 700,1 400,"81,5",,619/500 MA,–,,,555,–,617,–,5,518,–,652,4,"0,02",
796,,720,100,605,1 140,"19,6",1 600,1 300,135,,60/500 N1MAS,–,,,568,–,650,–,6,523,–,697,5,25,
797,530,650,56,332,655,"11,2",1 700,1 400,"39,5",▶,618/530 MA,–,,530,568,–,613,–,3,543,–,637,"2,5",15,531
798,,710,82,488,930,"15,6",1 600,1 300,"90,5",,619/530 MA,–,,,587,–,653,–,5,548,–,692,4,"0,02",
799,,780,112,650,1 270,"20,8",1 500,1 200,185,,60/530 N1MAS,–,,,612,–,700,–,6,553,–,757,5,25,
800,560,680,56,345,695,"11,8",1 600,1 300,42,▶,618/560 MA,–,,560,598,–,644,–,3,573,–,667,"2,5",15,561
801,,750,85,494,980,"16,3",1 500,1 200,105,,619/560 MA,–,,,622,–,689,–,5,578,–,732,4,"0,02",
802,,820,115,663,1 370,22,1 400,1 200,210,,60/560 N1MAS,–,,,648,–,732,–,6,583,–,797,5,25,
803,600,730,60,364,765,"12,5",1 500,1 200,52,▶,618/600 MA,–,,600,642,–,688,–,3,613,–,717,"2,5",15,601
804,,800,90,585,1 220,"19,6",1 400,1 100,125,,619/600 MA,–,,,663,–,736,–,5,618,–,782,4,"0,02",
805,,870,118,728,1 500,"23,6",1 300,1 100,230,,60/600 MA,–,,,689,–,781,–,6,623,–,847,5,25,
806,630,780,69,442,965,"15,3",1 400,1 100,73,▶,618/630 MA,–,,630,678,–,732,–,4,645,–,765,3,15,631
807,,850,100,624,1 340,"21,2",1 300,1 100,160,,619/630 N1MA,–,,,702,–,778,–,6,653,–,827,5,"0,02",
808,,920,128,819,1 760,27,1 200,1 000,285,,60/630 N1MBS,–,,,725,–,825,–,"7,5",658,–,892,6,25,
809,670,820,69,442,1 000,"15,6",1 300,1 100,"83,5",▶,618/670 MA,–,,670,718,–,772,–,4,685,–,805,3,15,671
810,,900,103,676,1 500,"22,4",1 200,1 000,192,,619/670 MA,–,,,745,–,825,–,6,693,–,877,5,"0,02",
811,,980,136,904,2 040,30,1 100,900,345,,60/670 N1MAS,–,,,771,–,878,–,"7,5",698,–,952,6,25,
812,710,870,74,475,1 100,"16,6",1 200,1 000,"93,5",▶,618/710 MA,–,,710,761,–,818,–,4,725,–,855,3,15,711
813,,950,106,663,1 500,22,1 100,900,220,,619/710 MA,–,,,790,–,870,–,6,733,–,927,5,"0,02",
814,,1 030,140,956,2 200,"31,5",1 000,850,382,,60/710 MA,–,,,811,–,928,–,"7,5",738,–,1 002,6,25,
815,750,920,78,527,1 250,"18,3",1 100,900,110,▶,618/750 MA,–,,,,,,,,,,,,,
816,,1 000,112,761,1 800,"25,5",1 000,850,255,,619/750 MA,–,,,,,,,,,,,,,
817,,1 090,150,995,2 360,"33,5",950,800,485,,60/750 MA,–,,,,,,,,,,,,,
818,800,980,82,559,1 370,"19,3",1 000,850,130,▶,618/800 MA,–,,,,,,,,,,,,,
819,,1 060,115,832,2 040,"28,5",950,800,275,,619/800 MA,–,,,,,,,,,,,,,
820,,1 150,155,1 010,2 550,"34,5",900,750,523,,60/800 N1MAS,–,,,,,,,,,,,,,
821,850,1 030,82,559,1 430,"19,6",950,750,140,▶,618/850 MA,–,,,,,,,,,,,,,
822,,1 120,118,852,2 120,"28,5",850,750,320,,619/850 MA,–,,,,,,,,,,,,,
823,900,1 090,85,618,1 600,"21,6",850,700,167,▶,618/900 MA,–,,,,,,,,,,,,,
824,950,1 150,90,637,1 730,"22,4",800,670,197,▶,618/950 MA,–,,,,,,,,,,,,,
825,1 000,1 220,100,637,1 800,"22,8",750,600,245,▶,618/1000 MA,–,,,,,,,,,,,,,
826,1 060,1 280,100,728,2 120,"26,5",670,560,260,,618/1060 MA,–,,,,,,,,,,,,,
827,1 120,1 360,106,741,2 200,"26,5",630,530,315,▶,618/1120 MA,–,,,,,,,,,,,,,
828,1 180,1 420,106,761,2 360,"27,5",560,480,337,,618/1180 MB,–,,,,,,,,,,,,,
829,1 320,1 600,122,956,3 150,"35,5",480,400,500,,618/1320 MA,–,,,,,,,,,,,,,
830,1 500,1 820,140,1 170,4 150,43,380,240,638,,618/1500 TN,–,,,,,,,,,,,,,
831,750,920,78,527,1 250,"18,3",1 100,900,110,▶,618/750 MA,–,,,,,,,,,,,,,
832,,1 000,112,761,1 800,"25,5",1 000,850,255,,619/750 MA,–,,,,,,,,,,,,,
833,,1 090,150,995,2 360,"33,5",950,800,485,,60/750 MA,–,,,,,,,,,,,,,
834,800,980,82,559,1 370,"19,3",1 000,850,130,▶,618/800 MA,–,,,,,,,,,,,,,
835,,1 060,115,832,2 040,"28,5",950,800,275,,619/800 MA,–,,,,,,,,,,,,,
836,,1 150,155,1 010,2 550,"34,5",900,750,523,,60/800 N1MAS,–,,,,,,,,,,,,,
837,850,1 030,82,559,1 430,"19,6",950,750,140,▶,618/850 MA,–,,,,,,,,,,,,,
838,,1 120,118,852,2 120,"28,5",850,750,320,,619/850 MA,–,,,,,,,,,,,,,
839,900,1 090,85,618,1 600,"21,6",850,700,167,▶,618/900 MA,–,,,,,,,,,,,,,
840,950,1 150,90,637,1 730,"22,4",800,670,197,▶,618/950 MA,–,,,,,,,,,,,,,
841,1 000,1 220,100,637,1 800,"22,8",750,600,245,▶,618/1000 MA,–,,,,,,,,,,,,,
842,1 060,1 280,100,728,2 120,"26,5",670,560,260,,618/1060 MA,–,,,,,,,,,,,,,
843,1 120,1 360,106,741,2 200,"26,5",630,530,315,▶,618/1120 MA,–,,,,,,,,,,,,,
844,1 180,1 420,106,761,2 360,"27,5",560,480,337,,618/1180 MB,–,,,,,,,,,,,,,
845,1 320,1 600,122,956,3 150,"35,5",480,400,500,,618/1320 MA,–,,,,,,,,,,,,,
846,1 500,1 820,140,1 170,4 150,43,380,240,638,,618/1500 TN,–,,,,,,,,,,,,,
