;0;1;2;3;4;5;6;7;8;9;10;11;12;13;14;15;16;17;18;19;20;21;22;23;24
0;;;;;;;;;;2RS1;2RSH;;;;;;;;;;;;;;
1;;;;;;;2Z;;;;;;;;;;;;;;;;;;
2;;Principaldimensions;;;Basicloadratings;Fatigue;Speedratings;;Mass;;Designations;;;;;;;;;;;;;;
3;;;;dynamic;static;loadlimit;Reference;Limiting;;;Bearing;;;;;;;;;;;;;;
4;;;;;;;speed;speed1);;;openorcapped;cappedonone;;;;;;;;;;;;;
5;d;D;B;C;C0;Pu;;;;;onbothsides;side1);;;d1;d2;D1;D2;r1,2;da;da;Da;ra;kr;f0
6;;;;;;;;;;;;;;;≈;≈;≈;≈;min;min;max;max;max;;
7;mm;;;kN;;kN;r/min;;kg;;–;;;mm;;;;;;mm;;;;–;
8;3;10;4;0.54;0.18;0.007;130000;80000;0.0015;▶;623;–;;3;5.2;–;–;8.2;0.15;4.2;–;8.8;0.1;0.025;7.5
9;3;10;4;0.54;0.18;0.007;–;40000;0.0015;▶;623-2RS1;623-RS1;;;5.2;–;–;8.2;0.15;4.2;5.1;8.8;0.1;0.025;7.5
10;3;10;4;0.54;0.18;0.007;130000;60000;0.0015;▶;623-2Z;623-Z;;;5.2;–;–;8.2;0.15;4.2;5.1;8.8;0.1;0.025;7.5
11;4;9;2.5;0.423;0.116;0.005;140000;85000;0.0007;;618/4;–;;4;5.2;–;7.5;–;0.1;4.6;–;8.4;0.1;0.015;6.5
12;4;9;3.5;0.54;0.18;0.07;140000;70000;0.001;;628/4-2Z;–;;;5.2;–;–;8.1;0.1;4.6;5.1;8.4;0.1;0.015;10
13;4;9;4;0.54;0.18;0.07;140000;70000;0.0013;;638/4-2Z;–;;;5.2;–;–;8.1;0.1;4.6;5.1;8.4;0.1;0.015;10
14;4;11;4;0.624;0.18;0.008;130000;63000;0.0017;;619/4-2Z;–;;;6.1;–;–;9.9;0.15;4.8;5.8;10.2;0.1;0.02;6.4
15;4;11;4;0.624;0.18;0.008;130000;80000;0.0017;;619/4;–;;;6.1;–;–;9.9;0.15;4.8;–;10.2;0.1;0.02;6.4
16;4;12;4;0.806;0.28;0.012;120000;75000;0.0021;;604;–;;;6.1;–;–;9.8;0.2;5.4;–;10.6;0.2;0.025;10
17;4;12;4;0.806;0.28;0.012;120000;60000;0.0021;▶;604-2Z;604-Z;;;6.1;–;–;9.8;0.2;5.4;6;10.6;0.2;0.025;10
18;4;13;5;0.936;0.29;0.012;110000;67000;0.0031;▶;624;–;;;6.7;–;–;11.2;0.2;5.8;–;11.2;0.2;0.025;10
19;4;13;5;0.936;0.29;0.012;110000;53000;0.0031;▶;624-2Z;624-Z;;;6.7;–;–;11.2;0.2;5.8;6.6;11.2;0.2;0.025;7.3
20;4;16;5;1.11;0.38;0.016;95000;60000;0.0054;;634;–;;;8.4;–;–;13.3;0.3;6.4;–;13.6;0.3;0.03;8.4
21;4;16;5;1.11;0.38;0.016;–;28000;0.0054;;634-2RS1;634-RS1;;;8.4;–;–;13.3;0.3;6.4;8.3;13.6;0.3;0.03;8.4
22;4;16;5;1.11;0.38;0.016;95000;48000;0.0054;;634-2RZ;634-RZ;;;8.4;–;–;13.3;0.3;6.4;8.3;13.6;0.3;0.03;8.4
23;4;16;5;1.11;0.38;0.016;95000;48000;0.0054;▶;634-2Z;634-Z;;;8.4;–;–;13.3;0.3;6.4;8.3;13.6;0.3;0.03;8.4
24;5;11;3;0.468;0.143;0.006;120000;75000;0.0012;;618/5;–;;5;6.8;–;9.2;–;0.15;5.8;–;10.2;0.1;0.015;7.1
25;5;11;4;0.64;0.26;0.011;120000;60000;0.0014;;628/5-2Z;–;;;6.8;–;–;9.9;0.15;5.8;6.7;10.2;0.1;0.015;11
26;5;11;5;0.64;0.26;0.011;120000;60000;0.0016;;638/5-2Z;–;;;–;6.2;–;9.9;0.15;5.8;6;10.2;0.1;0.015;11
27;5;13;4;0.884;0.335;0.014;110000;50000;0.0025;;619/5-2Z;–;;;7.5;–;–;11.2;0.2;6.4;7.5;11.6;0.2;0.02;11
28;5;13;4;0.884;0.335;0.014;110000;70000;0.0025;;619/5;–;;;7.5;–;–;11.2;0.2;6.4;–;11.6;0.2;0.02;11
29;5;16;5;1.14;0.38;0.016;95000;60000;0.005;▶;625;–;;;8.4;–;–;13.3;0.3;7.4;–;13.6;0.3;0.025;8.4
30;5;16;5;1.14;0.38;0.016;95000;48000;0.005;▶;625-2Z;625-Z;;;8.4;–;–;13.3;0.3;7.4;8.3;13.6;0.3;0.025;8.4
31;5;19;6;2.34;0.95;0.04;80000;50000;0.0085;;635;–;;;11.1;–;–;16.5;0.3;7.4;–;16.6;0.3;0.03;13
32;5;19;6;2.34;0.95;0.04;–;24000;0.009;;635-2RS1;635-RS1;;;11.1;–;–;16.5;0.3;7.4;10.6;16.6;0.3;0.03;13
33;5;19;6;2.34;0.95;0.04;80000;40000;0.009;;635-2RZ;635-RZ;;;11.1;–;–;16.5;0.3;7.4;10.6;16.6;0.3;0.03;13
34;5;19;6;2.34;0.95;0.04;80000;40000;0.0093;▶;635-2Z;635-Z;;;11.1;–;–;16.5;0.3;7.4;10.6;16.6;0.3;0.03;13
35;6;13;3.5;0.715;0.224;0.01;110000;67000;0.002;;618/6;–;;6;8;–;11;–;0.15;6.8;–;12.2;0.1;0.015;7
36;6;13;5;0.88;0.35;0.015;110000;53000;0.0026;;628/6-2Z;–;;;–;7.4;–;11.7;0.15;6.8;7.2;12.2;0.1;0.015;11
37;6;15;5;0.884;0.27;0.011;100000;50000;0.0039;;619/6-2Z;–;;;8.2;–;–;13;0.2;7.4;8;13.6;0.2;0.02;6.8
38;6;15;5;0.884;0.27;0.011;100000;63000;0.0039;;619/6;–;;;8.2;–;–;13;0.2;7.4;–;13.6;0.2;0.02;6.8
39;6;19;6;2.34;0.95;0.04;80000;50000;0.0081;▶;626;–;;;11.1;–;–;16.5;0.3;8.4;–;16.6;0.3;0.025;13
40;6;19;6;2.34;0.95;0.04;–;24000;0.0083;▶;626-2RSH;626-RSH;;;–;9.5;–;16.5;0.3;8.4;9.4;16.6;0.3;0.025;13
41;6;19;6;2.34;0.95;0.04;80000;40000;0.0083;▶;626-2RSL;626-RSL;;;–;9.5;–;16.5;0.3;8.4;9.4;16.6;0.3;0.025;13
42;6;19;6;2.34;0.95;0.04;80000;40000;0.0088;▶;626-2Z;626-Z;;;11.1;–;–;16.5;0.3;8.4;11;16.6;0.3;0.025;13
43;7;14;3.5;0.78;0.26;0.011;100000;63000;0.0022;;618/7;;–;7;9;–;12;–;0.15;7.8;–;13.2;0.1;0.015;7.2
44;7;14;5;0.956;0.4;0.017;100000;50000;0.0031;;628/7-2Z;;–;;–;8.5;–;12.7;0.15;7.8;8;13.2;0.1;0.015;11
45;7;17;5;1.06;0.375;0.016;90000;45000;0.0049;;619/7-2Z;;–;;10.4;–;–;14.3;0.3;9;9.7;15;0.3;0.02;7.3
46;7;17;5;1.06;0.375;0.016;90000;56000;0.0049;;619/7;;–;;10.4;–;–;14.3;0.3;9;–;15;0.3;0.02;7.3
47;7;19;6;2.34;0.95;0.04;85000;53000;0.0076;▶;607;;–;;11.1;–;–;16.5;0.3;9;–;17;0.3;0.025;13
48;7;19;6;2.34;0.95;0.04;–;24000;0.0078;▶;607-2RSH;;607-RSH;;–;9.5;–;16.5;0.3;9;9.4;17;0.3;0.025;13
49;7;19;6;2.34;0.95;0.04;85000;43000;0.0078;▶;607-2RSL;;607-RSL;;–;9.5;–;16.5;0.3;9;9.4;17;0.3;0.025;13
50;7;19;6;2.34;0.95;0.04;85000;43000;0.0084;▶;607-2Z;;607-Z;;11.1;–;–;16.5;0.3;9;11;17;0.3;0.025;13
51;7;22;7;3.45;1.37;0.057;70000;45000;0.012;▶;627;;–;;12.1;–;–;19.2;0.3;9.4;–;19.6;0.3;0.025;12
52;7;22;7;3.45;1.37;0.057;–;22000;0.013;▶;627-2RSH;;627-RSH;;–;10.5;–;19.2;0.3;9.4;10.5;19.6;0.3;0.025;12
53;7;22;7;3.45;1.37;0.057;70000;36000;0.013;▶;627-2RSL;;627-RSL;;–;10.5;–;19.2;0.3;9.4;10.5;19.6;0.3;0.025;12
54;7;22;7;3.45;1.37;0.057;70000;36000;0.013;▶;627-2Z;;627-Z;;12.1;–;–;19.2;0.3;9.4;12.1;19.6;0.3;0.025;12
55;8;16;4;0.819;0.3;0.012;90000;56000;0.003;;618/8;;–;8;10.5;–;13.5;–;0.2;9.4;–;14.6;0.2;0.015;7.5
56;8;16;5;1.33;0.57;0.024;–;26000;0.0036;▶;628/8-2RS1;;–;;10.1;–;–;14.2;0.2;9.4;9.4;14.6;0.2;0.015;11
57;8;16;5;1.33;0.57;0.024;90000;45000;0.0036;▶;628/8-2Z;;–;;10.1;–;–;14.2;0.2;9.4;10;14.6;0.2;0.015;11
58;8;16;6;1.33;0.57;0.024;90000;45000;0.0043;;638/8-2Z;;–;;–;9.6;–;14.2;0.2;9.4;9.5;14.6;0.2;0.015;11
59;8;19;6;1.46;0.465;0.02;–;24000;0.0071;;619/8-2RS1;;–;;–;9.8;–;16.7;0.3;9.5;9.8;17;0.3;0.02;6.6
60;8;19;6;1.46;0.465;0.02;85000;43000;0.0071;;619/8-2Z;;–;;–;9.8;–;16.7;0.3;9.5;9.8;17;0.3;0.02;6.6
61;8;19;6;1.46;0.465;0.02;85000;53000;0.0071;;619/8;;–;;10.5;–;–;16.7;0.3;10;–;17;0.3;0.02;6.6
62;8;19;6;2.34;0.95;0.04;85000;43000;0.0072;;607/8-2Z;;607/8-Z;;11.1;–;–;16.5;0.3;10;11;17;0.3;0.025;13
63;8;22;7;3.45;1.37;0.057;75000;48000;0.012;▶;608;;–;;12.1;–;–;19.2;0.3;10;–;20;0.3;0.025;12
64;8;22;7;3.45;1.37;0.057;–;22000;0.012;▶;608-2RSH;▶;608-RSH;;–;10.5;–;19.2;0.3;10;10.5;20;0.3;0.025;12
65;8;22;7;3.45;1.37;0.057;75000;38000;0.012;▶;608-2RSL;;608-RSL;;–;10.5;–;19.2;0.3;10;10.5;20;0.3;0.025;12
66;8;22;7;3.45;1.37;0.057;75000;38000;0.013;▶;608-2Z;;608-Z;;12.1;–;–;19.2;0.3;10;12;20;0.3;0.025;12
67;8;22;11;3.45;1.37;0.057;–;22000;0.016;▶;630/8-2RS1;;–;;11.8;–;–;19;0.3;10;11.7;20;0.3;0.025;12
68;8;24;8;3.9;1.66;0.071;63000;40000;0.018;;628;;–;;14.4;–;–;21.2;0.3;10.4;–;21.6;0.3;0.025;13
69;8;24;8;3.9;1.66;0.071;–;19000;0.017;;628-2RS1;;628-RS1;;14.4;–;–;21.2;0.3;10.4;14.4;21.6;0.3;0.025;13
70;8;24;8;3.9;1.66;0.071;63000;32000;0.017;;628-2RZ;;628-RZ;;14.4;–;–;21.2;0.3;10.4;14.4;21.6;0.3;0.025;13
71;8;24;8;3.9;1.66;0.071;63000;32000;0.018;▶;628-2Z;;628-Z;;14.4;–;–;21.2;0.3;10.4;14.4;21.6;0.3;0.025;13
72;8;28;9;1.33;0.57;0.024;60000;30000;0.03;;638-2RZ;;638-RZ;;14.8;–;–;22.6;0.3;10.4;14.7;25.6;0.3;0.03;13
73;9;17;4;0.871;0.34;0.014;85000;53000;0.0034;;618/9;;–;9;11.5;–;14.5;–;0.2;10.4;–;15.6;0.2;0.015;7.7
74;9;17;5;1.43;0.64;0.027;–;24000;0.0043;;628/9-2RS1;;–;;–;10.7;–;15.2;0.2;10.4;10.5;15.6;0.2;0.015;11
75;9;17;5;1.43;0.64;0.027;85000;43000;0.0043;;628/9-2Z;;628/9-Z;;–;10.7;–;15.2;0.2;10.4;10.5;15.6;0.2;0.015;11
76;9;20;6;2.34;0.98;0.043;80000;40000;0.0076;;619/9-2Z;;–;;11.6;–;–;17.5;0.3;11;11.5;18;0.3;0.02;12
77;9;20;6;2.34;0.98;0.043;80000;50000;0.0076;;619/9;;–;;11.6;–;–;17.5;0.3;11;–;18;0.3;0.02;12
78;9;24;7;3.9;1.66;0.071;70000;43000;0.014;▶;609;;–;;14.4;–;–;21.2;0.3;11;–;22;0.3;0.025;13
79;9;24;7;3.9;1.66;0.071;–;19000;0.015;▶;609-2RSH;;609-RSH;9;–;12.8;–;21.2;0.3;11;12.5;22;0.3;0.025;13
80;9;24;7;3.9;1.66;0.071;70000;34000;0.014;▶;609-2RSL;;609-RSL;cont;–;12.8;–;21.2;0.3;11;12.5;22;0.3;0.025;13
81;9;24;7;3.9;1.66;0.071;70000;34000;0.015;▶;609-2Z;;609-Z;;14.4;–;–;21.2;0.3;11;14.3;22;0.3;0.025;13
82;9;26;8;4.75;1.96;0.083;60000;38000;0.02;▶;629;;–;;14.8;–;–;22.6;0.3;11.4;–;23.6;0.3;0.025;12
83;9;26;8;4.75;1.96;0.083;–;19000;0.02;▶;629-2RSH;;629-RSH;;–;12.5;–;22.6;0.3;11.4;12.5;23.6;0.3;0.025;12
84;9;26;8;4.75;1.96;0.083;60000;30000;0.02;▶;629-2RSL;;629-RSL;;–;12.5;–;22.6;0.3;11.4;12.5;23.6;0.3;0.025;12
85;9;26;8;4.75;1.96;0.083;60000;30000;0.021;▶;629-2Z;;629-Z;;14.8;–;–;22.6;0.3;11.4;14.7;23.6;0.3;0.025;12
86;10;19;5;1.72;0.83;0.036;–;22000;0.0055;;61800-2RS1;;–;10;–;11.8;–;17.2;0.3;11.8;11.8;17;0.3;0.015;15
87;10;19;5;1.72;0.83;0.036;80000;38000;0.0055;;61800-2Z;;–;;12.7;–;–;17.2;0.3;12;12.5;17;0.3;0.015;15
88;10;19;5;1.72;0.83;0.036;80000;48000;0.0053;;61800;;–;;12.7;–;16.3;–;0.3;12;–;17;0.3;0.015;15
89;10;22;6;2.7;1.27;0.054;–;20000;0.01;;61900-2RS1;;–;;–;13.2;–;19.4;0.3;12;12;20;0.3;0.02;14
90;10;22;6;2.7;1.27;0.054;70000;36000;0.01;;61900-2Z;;–;;13.9;–;–;19.4;0.3;12;12.9;20;0.3;0.02;14
91;10;22;6;2.7;1.27;0.054;70000;45000;0.01;;61900;;–;;13.9;–;18.2;–;0.3;12;–;20;0.3;0.02;14
92;10;26;8;4.75;1.96;0.083;67000;40000;0.019;▶;6000;;–;;14.8;–;–;22.6;0.3;12;–;24;0.3;0.025;12
93;10;26;8;4.75;1.96;0.083;–;19000;0.019;▶;6000-2RSH;;6000-RSH;;–;12.5;–;22.6;0.3;12;12.5;24;0.3;0.025;12
94;10;26;8;4.75;1.96;0.083;67000;34000;0.019;▶;6000-2RSL;;6000-RSL;;–;12.5;–;22.6;0.3;12;12.5;24;0.3;0.025;12
95;10;26;8;4.75;1.96;0.083;67000;34000;0.02;▶;6000-2Z;▶;6000-Z;;14.8;–;–;22.6;0.3;12;14.7;24;0.3;0.025;12
96;10;26;12;4.62;1.96;0.083;–;19000;0.025;;63000-2RS1;;–;;14.8;–;–;22.6;0.3;12;14.7;24;0.3;0.025;12
97;10;28;8;5.07;2.36;0.1;60000;30000;0.026;;16100-2Z;;–;;17;–;–;24.8;0.3;14.2;16.6;23.8;0.3;0.025;13
98;10;28;8;5.07;2.36;0.1;60000;38000;0.024;;16100;;–;;17;–;–;24.8;0.3;14.2;–;23.8;0.3;0.025;13
99;10;30;9;5.4;2.36;0.1;56000;36000;0.031;▶;6200;;–;;17;–;–;24.8;0.6;14.2;–;25.8;0.6;0.025;13
100;10;30;9;5.4;2.36;0.1;–;17000;0.032;▶;6200-2RSH;;6200-RSH;;–;15;–;24.8;0.6;14.2;15;25.8;0.6;0.025;13
101;10;30;9;5.4;2.36;0.1;56000;28000;0.032;▶;6200-2RSL;;6200-RSL;;–;15;–;24.8;0.6;14.2;15;25.8;0.6;0.025;13
102;10;30;9;5.4;2.36;0.1;56000;28000;0.034;▶;6200-2Z;;6200-Z;;17;–;–;24.8;0.6;14.2;16.9;25.8;0.6;0.025;13
103;10;30;14;5.07;2.36;0.1;–;17000;0.04;;62200-2RS1;;–;;17;–;–;24.8;0.6;14.2;16.9;25.8;0.6;0.025;13
104;10;35;11;8.52;3.4;0.143;50000;32000;0.053;▶;6300;;–;;17.5;–;–;28.7;0.6;14.2;–;30.8;0.6;0.03;11
105;10;35;11;8.52;3.4;0.143;–;15000;0.054;▶;6300-2RSH;;6300-RSH;;–;15.5;–;28.7;0.6;14.2;15.5;30.8;0.6;0.03;11
106;10;35;11;8.52;3.4;0.143;50000;26000;0.053;;6300-2RSL;;6300-RSL;;–;15.5;–;28.7;0.6;14.2;15.5;30.8;0.6;0.03;11
107;10;35;11;8.52;3.4;0.143;50000;26000;0.055;▶;6300-2Z;;6300-Z;;17.5;–;–;28.7;0.6;14.2;17.4;30.8;0.6;0.03;11
108;10;35;17;8.06;3.4;0.143;–;15000;0.06;;62300-2RS1;;–;;17.5;–;–;28.7;0.6;14.2;17.4;30.8;0.6;0.03;11
109;12;21;5;1.74;0.915;0.039;–;20000;0.0063;▶;61801-2RS1;–;;12;–;14.1;–;19;0.3;13.6;13.8;19;0.3;0.015;13
110;12;21;5;1.74;0.915;0.039;70000;36000;0.0063;▶;61801-2Z;–;;;14.8;–;–;19;0.3;14;14.7;19;0.3;0.015;13
111;12;21;5;1.74;0.915;0.039;70000;43000;0.0063;▶;61801;–;;;14.8;–;18.3;–;0.3;14;–;19;0.3;0.015;13
112;12;24;6;2.91;1.46;0.062;–;19000;0.011;▶;61901-2RS1;–;;;–;15.3;–;21.4;0.3;14;15.2;22;0.3;0.02;15
113;12;24;6;2.91;1.46;0.062;67000;32000;0.011;▶;61901-2Z;–;;;16;–;–;21.4;0.3;14;15.8;22;0.3;0.02;15
114;12;24;6;2.91;1.46;0.062;67000;40000;0.011;▶;61901;–;;;16;–;20.3;–;0.3;14;–;22;0.3;0.02;15
115;12;28;8;5.4;2.36;0.1;60000;38000;0.021;▶;6001;–;;;17;–;–;24.8;0.3;14;–;26;0.3;0.025;13
116;12;28;8;5.4;2.36;0.1;–;17000;0.022;▶;6001-2RSH;6001-RSH;;;–;14.7;–;24.8;0.3;14;15;26;0.3;0.025;13
117;12;28;8;5.4;2.36;0.1;60000;30000;0.021;▶;6001-2RSL;6001-RSL;;;–;14.7;–;24.8;0.3;14;15;26;0.3;0.025;13
118;12;28;8;5.4;2.36;0.1;60000;30000;0.022;▶;6001-2Z;6001-Z;;;17;–;–;24.8;0.3;14;16.9;26;0.3;0.025;13
119;12;28;12;5.07;2.36;0.1;–;17000;0.029;;63001-2RS1;–;;;17;–;–;24.8;0.3;14;16.9;26;0.3;0.025;13
120;12;30;8;5.07;2.36;0.1;–;17000;0.028;;16101-2RS1;–;;;17;–;–;24.8;0.3;14.4;16.6;27.6;0.3;0.025;13
121;12;30;8;5.07;2.36;0.1;56000;28000;0.028;;16101-2Z;–;;;17;–;–;24.8;0.3;14.4;16.6;27.6;0.3;0.025;13
122;12;30;8;5.07;2.36;0.1;60000;38000;0.026;;16101;–;;;17;–;–;24.8;0.3;14.4;–;27.6;0.3;0.025;13
123;12;32;10;7.28;3.1;0.132;50000;32000;0.037;▶;6201;–;;;18.4;–;–;27.4;0.6;16.2;–;27.8;0.6;0.025;12
124;12;32;10;7.28;3.1;0.132;–;15000;0.038;▶;6201-2RSH;6201-RSH;;;–;16.2;–;27.4;0.6;16.2;16.5;27.8;0.6;0.025;12
125;12;32;10;7.28;3.1;0.132;50000;26000;0.038;▶;6201-2RSL;6201-RSL;;;–;16.2;–;27.4;0.6;16.2;16.5;27.8;0.6;0.025;12
126;12;32;10;7.28;3.1;0.132;50000;26000;0.039;▶;6201-2Z;6201-Z;;;18.4;–;–;27.4;0.6;16.2;18.4;27.8;0.6;0.025;12
127;12;32;14;6.89;3.1;0.132;–;15000;0.045;;62201-2RS1;–;;;18.5;–;–;27.4;0.6;16.2;18.4;27.8;0.6;0.025;12
128;12;37;12;10.1;4.15;0.176;45000;28000;0.06;▶;6301;–;;;19.5;–;–;31.5;1;17.6;–;31.4;1;0.03;11
129;12;37;12;10.1;4.15;0.176;–;14000;0.062;▶;6301-2RSH;6301-RSH;;;–;17.5;–;31.5;1;17.6;17.8;31.4;1;0.03;11
130;12;37;12;10.1;4.15;0.176;45000;22000;0.06;;6301-2RSL;6301-RSL;;;–;17.5;–;31.5;1;17.6;17.6;31.4;1;0.03;11
131;12;37;12;10.1;4.15;0.176;45000;22000;0.063;▶;6301-2Z;6301-Z;;;19.5;–;–;31.5;1;17.6;19.4;31.4;1;0.03;11
132;12;37;17;9.75;4.15;0.176;–;14000;0.07;;62301-2RS1;–;;;19.5;–;–;31.5;1;17.6;19.4;31.4;1;0.03;11
133;15;24;5;1.9;1.1;0.048;–;17000;0.0074;▶;61802-2RS1;–;;15;17.8;–;–;22.2;0.3;17;17.8;22;0.3;0.015;14
134;15;24;5;1.9;1.1;0.048;60000;30000;0.0074;▶;61802-2Z;–;;;17.8;–;–;22.2;0.3;17;17.8;22;0.3;0.015;14
135;15;24;5;1.9;1.1;0.048;60000;38000;0.0065;▶;61802;–;;;17.8;–;21.3;–;0.3;17;–;22;0.3;0.015;14
136;15;28;7;4.36;2.24;0.095;–;16000;0.016;▶;61902-2RS1;–;;;18.8;–;–;25.3;0.3;17;18.3;26;0.3;0.02;14
137;15;28;7;4.36;2.24;0.095;56000;28000;0.016;▶;61902-2RZ;–;;;18.8;–;–;25.3;0.3;17;18.3;26;0.3;0.02;14
138;15;28;7;4.36;2.24;0.095;56000;28000;0.016;▶;61902-2Z;–;;;18.8;–;–;25.3;0.3;17;18.3;26;0.3;0.02;14
139;15;28;7;4.36;2.24;0.095;56000;34000;0.016;▶;61902;–;;;18.8;–;–;25.3;0.3;17;–;26;0.3;0.02;14
140;15;32;8;5.85;2.85;0.12;50000;32000;0.027;▶;16002;–;;;20.5;–;–;28.2;0.3;17;–;30;0.3;0.02;14
141;15;32;8;5.85;2.85;0.12;50000;26000;0.025;▶;16002-2Z;16002-Z;;;20.5;–;–;28.2;0.3;17;20.1;30;0.3;0.02;14
142;15;32;9;5.85;2.85;0.12;50000;32000;0.03;▶;6002;–;;;20.5;–;–;28.2;0.3;17;–;30;0.3;0.025;14
143;15;32;9;5.85;2.85;0.12;–;14000;0.03;▶;6002-2RSH;6002-RSH;;;–;18.3;–;28.2;0.3;17;18.5;30;0.3;0.025;14
144;15;32;9;5.85;2.85;0.12;50000;26000;0.03;▶;6002-2RSL;6002-RSL;;;–;18.3;–;28.2;0.3;17;18.5;30;0.3;0.025;14
145;15;32;9;5.85;2.85;0.12;50000;26000;0.032;▶;6002-2Z;6002-Z;;15;20.5;–;–;28.2;0.3;17;20.4;30;0.3;0.025;14
146;15;32;13;5.59;2.85;0.12;–;14000;0.039;;63002-2RS1;–;;cont;20.5;–;–;28.2;0.3;17;20.4;30;0.3;0.025;14
147;15;35;11;8.06;3.75;0.16;43000;28000;0.045;▶;6202;–;;;21.7;–;–;30.5;0.6;19.2;–;30.8;0.6;0.025;13
148;15;35;11;8.06;3.75;0.16;–;13000;0.046;▶;6202-2RSH;6202-RSH;;;–;18.6;–;30.5;0.6;19.2;19.4;31.3;0.6;0.025;13
149;15;35;11;8.06;3.75;0.16;43000;22000;0.046;▶;6202-2RSL;6202-RSL;;;–;18.6;–;30.5;0.6;19.2;19.4;30.8;0.6;0.025;13
150;15;35;11;8.06;3.75;0.16;43000;22000;0.048;▶;6202-2Z;6202-Z;;;21.7;–;–;30.5;0.6;19.2;21.6;30.8;0.6;0.025;13
151;15;35;14;7.8;3.75;0.16;–;13000;0.054;;62202-2RS1;–;;;21.7;–;–;30.4;0.6;19.2;21.6;30.8;0.6;0.025;13
152;15;42;13;11.9;5.4;0.228;38000;24000;0.082;▶;6302;–;;;23.7;–;–;36.3;1;20.6;–;36.4;1;0.03;12
153;15;42;13;11.9;5.4;0.228;–;12000;0.085;▶;6302-2RSH;6302-RSH;;;–;20.6;–;36.3;1;20.6;21;36.4;1;0.03;12
154;15;42;13;11.9;5.4;0.228;38000;19000;0.085;▶;6302-2RSL;6302-RSL;;;–;20.6;–;36.3;1;20.6;21;36.4;1;0.03;12
155;15;42;13;11.9;5.4;0.228;38000;19000;0.086;▶;6302-2Z;6302-Z;;;23.7;–;–;36.3;1;20.6;23.6;36.4;1;0.03;12
156;15;42;17;11.4;5.4;0.228;–;12000;0.11;;62302-2RS1;–;;;23.7;–;–;36.3;1;20.6;23.6;36.4;1;0.03;12
157;15;52;7;4.49;3.75;0.16;–;7500;0.034;▶;61808-2RS1;–;;;–;42.1;–;49.3;0.3;42;42;50;0.3;0.015;15
158;17;26;5;2.03;1.27;0.054;–;16000;0.0082;▶;61803-2RS1;–;;17;19.8;–;–;24.2;0.3;18;18.6;24;0.3;0.015;14
159;17;26;5;2.03;1.27;0.054;56000;28000;0.0082;;61803-2RZ;–;;;19.8;–;–;24.2;0.3;19;19.6;24;0.3;0.015;14
160;17;26;5;2.03;1.27;0.054;56000;28000;0.0082;▶;61803-2Z;–;;;19.8;–;–;24.2;0.3;19;19.6;24;0.3;0.015;14
161;17;26;5;2.03;1.27;0.054;56000;34000;0.0075;▶;61803;–;;;19.8;–;23.3;–;0.3;19;–;24;0.3;0.015;14
162;17;30;7;4.62;2.55;0.108;–;14000;0.017;▶;61903-2RS1;–;;;–;19.4;–;27.7;0.3;19;19.3;28;0.3;0.02;15
163;17;30;7;4.62;2.55;0.108;50000;26000;0.017;▶;61903-2Z;–;;;20.4;–;–;27.7;0.3;19;20.3;28;0.3;0.02;15
164;17;30;7;4.62;2.55;0.108;50000;26000;0.018;;61903-2RZ;–;;;20.4;–;–;27.7;0.3;19;20.3;28;0.3;0.02;15
165;17;30;7;4.62;2.55;0.108;50000;32000;0.016;▶;61903;–;;;20.4;–;–;27.7;0.3;19;–;28;0.3;0.02;15
166;17;35;8;6.37;3.25;0.137;45000;22000;0.032;▶;16003-2Z;–;;;23;–;–;31.2;0.3;19;22.6;33;0.3;0.02;14
167;17;35;8;6.37;3.25;0.137;45000;28000;0.031;▶;16003;–;;;23;–;–;31.2;0.3;19;–;33;0.3;0.02;14
168;17;35;10;6.37;3.25;0.137;45000;28000;0.038;▶;6003;–;;;23;–;–;31.2;0.3;19;–;33;0.3;0.025;14
169;17;35;10;6.37;3.25;0.137;–;13000;0.039;▶;6003-2RSH;6003-RSH;;;–;20.4;–;31.2;0.3;19;20.5;33;0.3;0.025;14
170;17;35;10;6.37;3.25;0.137;45000;22000;0.039;▶;6003-2RSL;6003-RSL;;;–;20.4;–;31.2;0.3;19;20.5;33;0.3;0.025;14
171;17;35;10;6.37;3.25;0.137;45000;22000;0.041;▶;6003-2Z;6003-Z;;;23;–;–;31.2;0.3;19;22.9;33;0.3;0.025;14
172;17;35;14;6.05;3.25;0.137;–;13000;0.052;;63003-2RS1;–;;;23;–;–;31.2;0.3;19;22.9;33;0.3;0.025;14
173;17;47;14;14.3;6.55;0.275;34000;22000;0.11;▶;6303;–;;17;26.5;–;–;39.6;1;22.6;–;41.4;1;0.03;12
174;17;47;14;14.3;6.55;0.275;–;11000;0.12;▶;6303-2RSH;6303-RSH;;cont;–;23.4;–;39.6;1;22.6;23.5;41.4;1;0.03;12
175;17;47;14;14.3;6.55;0.275;34000;17000;0.12;;6303-2RSL;6303-RSL;;;–;23.4;–;39.6;1;22.6;23.5;41.4;1;0.03;12
176;17;47;14;14.3;6.55;0.275;34000;17000;0.12;▶;6303-2Z;6303-Z;;;26.5;–;–;39.6;1;22.6;26.4;41.4;1;0.03;12
177;17;47;19;13.5;6.55;0.275;–;11000;0.16;;62303-2RS1;–;;;26.5;–;–;39.6;1;22.6;26.4;41.4;1;0.03;12
178;17;62;17;22.9;10.8;0.455;28000;18000;0.27;;6403;–;;;32.4;–;–;48.7;1.1;23.5;–;55;1;0.035;11
179;20;32;7;4.03;2.32;0.104;–;13000;0.018;▶;61804-2RS1;–;;20;23.8;–;–;29.4;0.6;22;23.6;30;0.3;0.015;15
180;20;32;7;4.03;2.32;0.104;45000;22000;0.018;▶;61804-2RZ;–;;;23.8;–;–;29.4;0.6;22;23.6;30;0.3;0.015;15
181;20;32;7;4.03;2.32;0.104;45000;28000;0.018;▶;61804;–;;;23.8;–;28.3;–;0.3;22;–;30;0.3;0.015;15
182;20;37;9;6.37;3.65;0.156;–;12000;0.038;▶;61904-2RS1;–;;;25.5;–;–;32.7;0.3;22;23;35;0.3;0.02;15
183;20;37;9;6.37;3.65;0.156;43000;20000;0.038;▶;61904-2RZ;–;;;25.5;–;–;32.7;0.3;22;25.5;35;0.3;0.02;15
184;20;37;9;6.37;3.65;0.156;43000;26000;0.037;▶;61904;–;;;25.5;–;–;32.7;0.3;22;–;35;0.3;0.02;15
185;20;42;8;7.28;4.05;0.173;38000;24000;0.051;▶;16004;–;;;27.2;–;–;37.2;0.3;22;–;40;0.3;0.02;15
186;20;42;12;9.95;5;0.212;38000;24000;0.067;▶;6004;–;;;27.2;–;–;37.2;0.6;23.2;–;38.8;0.6;0.025;14
187;20;42;12;9.95;5;0.212;–;11000;0.067;▶;6004-2RSH;6004-RSH;;;–;24.6;–;37.2;0.6;23.2;24.5;38.8;0.6;0.025;14
188;20;42;12;9.95;5;0.212;38000;19000;0.069;▶;6004-2RSL;6004-RSL;;;–;24.6;–;37.2;0.6;23.2;24.5;38.8;0.6;0.025;14
189;20;42;12;9.95;5;0.212;38000;19000;0.071;▶;6004-2Z;6004-Z;;;27.2;–;–;37.2;0.6;23.2;27.1;38.8;0.6;0.025;14
190;20;42;16;9.36;5;0.212;–;11000;0.086;;63004-2RS1;–;;;27.2;–;–;37.2;0.6;23.2;27.1;38.8;0.6;0.025;14
191;20;47;14;13.5;6.55;0.28;32000;20000;0.11;▶;6204;–;;;28.8;–;–;40.6;1;25.6;–;41.4;1;0.025;13
192;20;47;14;13.5;6.55;0.28;–;10000;0.11;▶;6204-2RSH;6204-RSH;;;–;26;–;40.6;1;25.6;26;41.4;1;0.025;13
193;20;47;14;13.5;6.55;0.28;32000;17000;0.11;▶;6204-2RSL;6204-RSL;;;–;26;–;40.6;1;25.6;26;41.4;1;0.025;13
194;20;47;14;13.5;6.55;0.28;32000;17000;0.11;▶;6204-2Z;6204-Z;;;28.8;–;–;40.6;1;25.6;28.7;41.4;1;0.025;13
195;20;47;14;15.6;7.65;0.325;32000;20000;0.098;;6204ETN9;–;;;28.2;–;39.6;–;1;25.6;–;41.4;1;0.025;12
196;20;47;18;12.7;6.55;0.28;–;10000;0.13;;62204-2RS1;–;;;28.8;–;–;40.6;1;25.6;28.7;41.4;1;0.025;13
197;20;52;15;15.9;7.8;0.335;30000;15000;0.15;▶;6304-2RSL;6304-RSL;;;–;26.9;–;44.8;1.1;27;27;45;1;0.03;12
198;20;52;15;16.8;7.8;0.335;30000;19000;0.14;▶;6304;–;;;30.3;–;–;44.8;1.1;27;–;45;1;0.03;12
199;20;52;15;16.8;7.8;0.335;–;9500;0.15;▶;6304-2RSH;6304-RSH;;;–;26.9;–;44.8;1.1;27;27.3;45;1;0.03;12
200;20;52;15;16.8;7.8;0.335;30000;15000;0.15;▶;6304-2Z;6304-Z;;;30.3;–;–;44.8;1.1;27;30.3;45;1;0.03;12
201;20;52;15;18.2;9;0.38;30000;19000;0.14;;6304ETN9;–;;;30.3;–;42.6;–;1.1;27;–;45;1;0.03;12
202;20;52;21;15.9;7.8;0.335;–;9500;0.21;;62304-2RS1;–;;;30.3;–;–;44.8;1.1;27;30.3;45;1;0.03;12
203;20;72;19;30.7;15;0.64;24000;15000;0.41;;6404;–;;;37.1;–;54.8;–;1.1;29;–;63;1;0.035;11
204;22;50;14;14;7.65;0.325;–;9000;0.12;;62/22-2RS1;–;;22;32.2;–;–;44;1;27.6;32;44.4;1;0.025;14
205;22;50;14;14;7.65;0.325;30000;19000;0.12;;62/22;–;;;32.2;–;–;44;1;27.6;–;44.4;1;0.025;14
206;22;56;16;18.6;9.3;0.39;28000;18000;0.18;;63/22;–;;;32.9;–;45.3;–;1.1;29;–;47;1;0.03;12
207;25;37;7;4.36;2.6;0.125;–;11000;0.022;▶;61805-2RS1;–;;25;–;27.4;–;34.2;0.6;27;27.3;35;0.3;0.015;14
208;25;37;7;4.36;2.6;0.125;38000;19000;0.022;▶;61805-2RZ;–;;;28.5;–;–;34.2;0.3;27;28.4;35;0.3;0.015;14
209;25;37;7;4.36;2.6;0.125;38000;24000;0.022;▶;61805;–;;;28.5;–;33.2;–;0.6;27;–;35;0.3;0.015;14
210;25;42;9;7.02;4.3;0.193;–;10000;0.045;▶;61905-2RS1;–;;;30.2;–;–;37.7;0.6;27;29;40;0.3;0.02;15
211;25;42;9;7.02;4.3;0.193;36000;18000;0.045;▶;61905-2RZ;–;;;30.2;–;–;37.7;0.6;27;29;40;0.3;0.02;15
212;25;42;9;7.02;4.3;0.193;36000;22000;0.045;▶;61905;–;;;30.2;–;–;37.7;0.6;27;–;40;0.3;0.02;15
213;25;47;8;8.06;4.75;0.212;32000;20000;0.055;▶;16005;–;;;33.3;–;–;42.4;0.3;27;–;45;0.3;0.02;15
214;25;47;12;11.9;6.55;0.275;32000;20000;0.078;▶;6005;–;;;32;–;–;42.2;0.6;28.2;–;43.8;0.6;0.025;14
215;25;47;12;11.9;6.55;0.275;–;9500;0.081;▶;6005-2RSH;6005-RSH;;;–;29.4;–;42.2;0.6;28.2;29.5;43.8;0.6;0.025;14
216;25;47;12;11.9;6.55;0.275;32000;16000;0.08;▶;6005-2RSL;6005-RSL;;;–;29.4;–;42.2;0.6;28.2;29.5;43.8;0.6;0.025;14
217;25;47;12;11.9;6.55;0.275;32000;16000;0.083;▶;6005-2Z;6005-Z;;;32;–;–;42.2;0.6;28.2;31.9;43.8;0.6;0.025;14
218;25;47;16;11.2;6.55;0.275;–;9500;0.11;;63005-2RS1;–;;;32;–;–;42.2;0.6;29.2;31.9;43.8;0.6;0.025;14
219;25;52;15;14.8;7.8;0.335;28000;18000;0.13;▶;6205;–;;;34.3;–;–;46.3;1;30.6;–;46.4;1;0.025;14
220;25;52;15;14.8;7.8;0.335;–;8500;0.13;▶;6205-2RSH;6205-RSH;;;–;31.3;–;46.3;1;30.6;31.5;46.4;1;0.025;14
221;25;52;15;14.8;7.8;0.335;28000;14000;0.13;▶;6205-2RSL;6205-RSL;;;–;31.3;–;46.3;1;30.6;31.5;46.4;1;0.025;14
222;25;52;15;14.8;7.8;0.335;28000;14000;0.13;▶;6205-2Z;6205-Z;;;34.3;–;–;46.3;1;30.6;34.3;46.4;1;0.025;14
223;25;52;15;17.8;9.3;0.4;28000;18000;0.12;;6205ETN9;–;;;33.1;–;–;46.3;1;30.6;–;46.4;1;0.025;13
224;25;52;18;14;7.8;0.335;–;8500;0.13;;62205-2RS1;–;;;34.3;–;–;46.3;1;30.6;34.3;46.4;1;0.025;14
225;25;62;17;23.4;11.6;0.49;24000;16000;0.23;▶;6305;–;;;36.6;–;–;52.7;1.1;32;–;55;1;0.03;12
226;25;62;17;23.4;11.6;0.49;–;7500;0.24;▶;6305-2RSH;6305-RSH;;;–;33;–;52.7;1.1;32;33;55;1;0.03;12
227;25;62;17;23.4;11.6;0.49;24000;13000;0.23;;6305-2RZ;6305-RZ;;;36.6;–;–;52.7;1.1;32;36.5;55;1;0.03;12
228;25;62;17;23.4;11.6;0.49;24000;13000;0.23;▶;6305-2Z;6305-Z;;;36.6;–;–;52.7;1.1;32;36.5;55;1;0.03;12
229;25;62;17;26;13.4;0.57;24000;16000;0.22;;6305ETN9;–;;;36.3;–;51.7;–;1.1;32;–;55;1;0.03;12
230;25;62;24;22.5;11.6;0.49;–;7500;0.32;;62305-2RS1;–;;;36.6;–;–;52.7;1.1;32;36.5;55;1;0.03;12
231;25;80;21;35.8;19.3;0.815;20000;13000;0.54;;6405;–;;;45.4;–;62.9;–;1.5;34;–;71;1.5;0.035;12
232;28;58;16;16.8;9.5;0.405;26000;16000;0.17;;62/28;–;;28;37;–;–;51.5;1;33.6;–;52;1;0.025;14
233;28;68;18;25.1;13.7;0.585;22000;14000;0.3;;63/28;–;;;41.7;–;–;57.8;1.1;35;–;61;1;0.03;13
234;30;42;7;4.49;2.9;0.146;–;9500;0.025;▶;61806-2RS1;–;;30;–;32.6;–;39.4;0.6;32;32.5;40;0.3;0.015;14
235;30;42;7;4.49;2.9;0.146;32000;16000;0.025;▶;61806-2RZ;–;;;33.7;–;–;39.4;0.6;32;33.6;40;0.3;0.015;14
236;30;42;7;4.49;2.9;0.146;32000;20000;0.025;▶;61806;–;;;33.7;–;38.4;–;0.3;32;–;40;0.3;0.015;14
237;30;47;9;7.28;4.55;0.212;–;8500;0.051;▶;61906-2RS1;–;;;–;34.2;–;42.7;0.3;32;34;45;0.3;0.02;14
238;30;47;9;7.28;4.55;0.212;30000;15000;0.051;▶;61906-2RZ;–;;;35.2;–;–;42.7;0.3;32;35.1;45;0.3;0.02;14
239;30;47;9;7.28;4.55;0.212;30000;19000;0.049;▶;61906;–;;;35.2;–;–;42.7;0.3;32;–;45;0.3;0.02;14
240;30;55;9;11.9;7.35;0.31;28000;17000;0.089;▶;16006;;–;30;37.7;–;47.3;–;0.3;32;–;53;0.3;0.02;15
241;30;55;13;13.8;8.3;0.355;28000;17000;0.12;▶;6006;;–;cont;38.2;–;–;49;1;34.6;–;50;1;0.025;15
242;30;55;13;13.8;8.3;0.355;–;8000;0.12;▶;6006-2RS1;;6006-RS1;;38.2;–;–;49;1;34.6;38.1;50;1;0.025;15
243;30;55;13;13.8;8.3;0.355;28000;14000;0.12;▶;6006-2RZ;;6006-RZ;;38.2;–;–;49;1;34.6;38.1;50;1;0.025;15
244;30;55;13;13.8;8.3;0.355;28000;14000;0.12;▶;6006-2Z;;6006-Z;;38.2;–;–;49;1;34.6;38.1;50;1;0.025;15
245;30;55;19;13.3;8.3;0.355;–;8000;0.17;;63006-2RS1;;–;;38.2;–;–;49;1;34.6;38.1;50;1;0.025;15
246;30;62;16;20.3;11.2;0.475;24000;15000;0.2;▶;6206;;–;;40.3;–;–;54.1;1;35.6;–;56;1;0.025;14
247;30;62;16;20.3;11.2;0.475;–;7500;0.21;▶;6206-2RSH;;6206-RSH;;–;37.3;–;54.1;1;35.6;37.3;56;1;0.025;14
248;30;62;16;20.3;11.2;0.475;24000;12000;0.2;▶;6206-2RZ;;6206-RZ;;40.3;–;–;54.1;1;35.6;40.3;56;1;0.025;14
249;30;62;16;20.3;11.2;0.475;24000;12000;0.21;▶;6206-2Z;;6206-Z;;40.3;–;–;54.1;1;35.6;40.3;56;1;0.025;14
250;30;62;16;23.4;12.9;0.54;24000;15000;0.18;;6206ETN9;;–;;39.5;–;52.9;–;1;35.6;–;56;1;0.025;13
251;30;62;20;19.5;11.2;0.475;–;7500;0.25;;62206-2RS1;;–;;40.3;–;–;54.1;1;35.6;40.3;56;1;0.025;14
252;30;72;19;29.6;16;0.67;20000;13000;0.35;▶;6306;;–;;44.6;–;–;61.9;1.1;37;–;65;1;0.03;13
253;30;72;19;29.6;16;0.67;–;6300;0.35;▶;6306-2RSH;▶;6306-RSH;;–;41.1;–;63.2;1.1;37;40.8;65;1;0.03;13
254;30;72;19;29.6;16;0.67;20000;11000;0.36;;6306-2RZ;;6306-RZ;;44.6;–;–;61.9;1.1;37;44.5;65;1;0.03;13
255;30;72;19;29.6;16;0.67;20000;11000;0.36;▶;6306-2Z;;6306-Z;;44.6;–;–;61.9;1.1;37;44.5;65;1;0.03;13
256;30;72;19;32.5;17.3;0.735;22000;14000;0.33;;6306ETN9;;–;;42.3;–;59.6;–;1.1;37;–;65;1;0.03;12
257;30;72;27;28.1;16;0.67;–;6300;0.5;;62306-2RS1;;–;;44.6;–;–;61.9;1.1;37;44.5;65;1;0.03;13
258;30;90;23;43.6;23.6;1;18000;11000;0.75;;6406;;–;;50.3;–;69.7;–;1.5;41;–;79;1.5;0.035;12
259;35;47;7;4.36;3.35;0.14;–;8500;0.022;▶;61807-2RS1;;–;35;38.2;–;–;44.4;0.3;37;38;45;0.3;0.015;14
260;35;47;7;4.36;3.35;0.14;30000;15000;0.03;▶;61807-2RZ;;–;;38.2;–;–;44.4;0.3;37;38;45;0.3;0.015;14
261;35;47;7;4.36;3.35;0.14;30000;18000;0.029;▶;61807;;–;;38.2;–;42.8;–;0.3;37;–;45;0.3;0.015;14
262;35;55;10;10.8;7.8;0.325;–;7500;0.08;▶;61907-2RS1;;–;;42.2;–;–;52.2;0.6;38.2;41.5;51;0.6;0.02;16
263;35;55;10;10.8;7.8;0.325;26000;13000;0.08;▶;61907-2RZ;;–;;42.2;–;–;52.2;0.6;38.2;41.5;51;0.6;0.02;16
264;35;55;10;10.8;7.8;0.325;26000;16000;0.08;▶;61907;;–;;42.2;–;–;52.2;0.6;38.2;–;51;0.6;0.02;16
265;35;62;9;13;8.15;0.375;24000;15000;0.11;▶;16007;;–;;44;–;53;–;0.3;37;–;60;0.3;0.02;14
266;35;62;14;16.8;10.2;0.44;24000;15000;0.15;▶;6007;;–;;43.7;–;–;55.7;1;39.6;–;57;1;0.025;15
267;35;62;14;16.8;10.2;0.44;–;7000;0.16;▶;6007-2RS1;;6007-RS1;;43.7;–;–;55.7;1;39.6;43.7;57;1;0.025;15
268;35;62;14;16.8;10.2;0.44;24000;12000;0.16;;6007-2RZ;;6007-RZ;;43.7;–;–;55.7;1;39.6;43.7;57;1;0.025;15
269;35;62;14;16.8;10.2;0.44;24000;12000;0.16;▶;6007-2Z;;6007-Z;;43.7;–;–;55.7;1;39.6;43.7;57;1;0.025;15
270;35;62;20;15.9;10.2;0.44;–;7000;0.22;;63007-2RS1;;–;;43.7;–;–;55.7;1;39.6;43.7;57;1;0.025;15
271;35;72;17;27;15.3;0.655;20000;13000;0.29;▶;6207;;–;;46.9;–;–;62.7;1.1;42;–;65;1;0.025;14
272;35;72;17;27;15.3;0.655;–;6300;0.3;▶;6207-2RSH;▶;6207-RSH;;–;43.5;–;64.1;1.1;42;43.2;65;1;0.025;14
273;35;72;17;31.2;17.6;0.75;20000;13000;0.26;;6207ETN9;;–;35;46.1;–;61.7;–;1.1;42;–;65;1;0.025;13
274;35;72;23;25.5;15.3;0.655;–;6300;0.4;;62207-2RS1;;–;cont;46.9;–;–;62.7;1.1;42;46.8;65;1;0.025;14
275;35;80;21;35.1;19;0.815;19000;12000;0.46;▶;6307;;–;;49.5;–;–;69.2;1.5;44;–;71;1.5;0.03;13
276;35;80;21;35.1;19;0.815;19000;17000;0.54;;6307M;;–;;49.5;–;–;69.2;1.5;44;–;71;1.5;0.03;13
277;35;80;21;35.1;19;0.815;–;6000;0.46;▶;6307-2RSH;▶;6307-RSH;;–;45.9;–;70.2;1.5;44;45.6;71;1.5;0.03;13
278;35;80;21;35.1;19;0.815;19000;9500;0.48;▶;6307-2Z;;6307-Z;;49.5;–;–;69.2;1.5;44;49.5;71;1.5;0.03;13
279;35;80;31;33.2;19;0.815;–;6000;0.68;;62307-2RS1;;–;;49.5;–;–;69.2;1.5;44;49.5;71;1.5;0.03;13
280;35;100;25;55.3;31;1.29;16000;10000;0.97;;6407;;–;;57.4;–;79.6;–;1.5;46;–;89;1.5;0.035;12
281;40;52;7;4.49;3.75;0.16;26000;13000;0.034;▶;61808-2RZ;;–;40;43.2;–;–;49.3;0.3;42;43;50;0.3;0.015;15
282;40;52;7;4.49;3.75;0.16;26000;16000;0.032;▶;61808;;–;;43.2;–;48.1;–;0.3;42;–;50;0.3;0.015;15
283;40;62;12;13.8;10;0.425;–;6700;0.12;▶;61908-2RS1;;–;;46.9;–;–;57.3;0.6;43.2;46.8;58;0.6;0.02;16
284;40;62;12;13.8;10;0.425;24000;12000;0.12;▶;61908-2RZ;;–;;46.9;–;–;57.3;0.6;43.2;46.8;58;0.6;0.02;16
285;40;62;12;13.8;10;0.425;24000;14000;0.12;▶;61908;;–;;46.9;–;55.6;–;0.6;43.2;–;58;0.6;0.02;16
286;40;68;9;13.8;10.2;0.44;22000;14000;0.13;▶;16008;;–;;49.4;–;58.6;–;0.3;42;–;66;0.3;0.02;16
287;40;68;15;17.8;11;0.49;22000;14000;0.19;▶;6008;;–;;49.2;–;–;61.1;1;44.6;–;63;1;0.025;15
288;40;68;15;17.8;11;0.49;–;6300;0.2;▶;6008-2RS1;;6008-RS1;;49.2;–;–;61.1;1;44.6;49.2;63;1;0.025;15
289;40;68;15;17.8;11;0.49;22000;11000;0.2;;6008-2RZ;;6008-RZ;;49.2;–;–;61.1;1;44.6;49.2;63;1;0.025;15
290;40;68;15;17.8;11;0.49;22000;11000;0.2;▶;6008-2Z;;6008-Z;;49.2;–;–;61.1;1;44.6;49.2;63;1;0.025;15
291;40;68;21;16.8;11;0.49;–;6300;0.27;;63008-2RS1;;–;;49.2;–;–;61.1;1;44.6;49.2;63;1;0.025;15
292;40;80;18;32.5;19;0.8;18000;11000;0.37;▶;6208;;–;;52.6;–;–;69.8;1.1;47;–;73;1;0.025;14
293;40;80;18;32.5;19;0.8;–;5600;0.37;▶;6208-2RSH;▶;6208-RSH;;–;49.1;–;71.5;1.1;47;48.8;73;1;0.025;14
294;40;80;18;32.5;19;0.8;18000;9000;0.38;;6208-2RZ;;6208-RZ;;52.6;–;–;69.8;1.1;47;52;73;1;0.025;14
295;40;80;18;32.5;19;0.8;18000;9000;0.38;▶;6208-2Z;;6208-Z;;52.6;–;–;69.8;1.1;47;52;73;1;0.025;14
296;40;80;18;35.8;20.8;0.88;18000;11000;0.34;;6208ETN9;;–;;52;–;68.8;–;1.1;47;–;73;1;0.025;13
297;40;80;23;30.7;19;0.8;–;5600;0.47;;62208-2RS1;;–;;52.6;–;–;69.8;1.1;47;52;73;1;0.025;14
298;40;90;23;42.3;24;1.02;17000;11000;0.63;▶;6308;;–;;56.1;–;–;77.7;1.5;49;–;81;1.5;0.03;13
299;40;90;23;42.3;24;1.02;–;5000;0.64;▶;6308-2RSH;▶;6308-RSH;;–;52.3;–;78.6;1.5;49;52;81;1.5;0.03;13
300;40;90;23;42.3;24;1.02;17000;8500;0.65;▶;6308-2RZ;;6308-RZ;;56.1;–;–;77.7;1.5;49;56;81;1.5;0.03;13
301;40;90;23;42.3;24;1.02;17000;8500;0.65;▶;6308-2Z;;6308-Z;;56.1;–;–;77.7;1.5;49;56;81;1.5;0.03;13
302;40;90;33;41;24;1.02;–;5000;0.92;;62308-2RS1;;–;;56.1;–;–;77.7;1.5;49;56;81;1.5;0.03;13
303;40;110;27;63.7;36.5;1.53;14000;9000;1.25;;6408;;–;;62.8;–;87;–;2;53;–;97;2;0.035;12
304;45;58;7;6.63;6.1;0.26;–;6700;0.04;▶;61809-2RS1;;–;45;48.2;–;–;55.4;0.3;47;49;56;0.3;0.015;17
305;45;58;7;6.63;6.1;0.26;22000;11000;0.04;▶;61809-2RZ;;–;;48.2;–;–;55.4;0.3;47;49;56;0.3;0.015;17
306;45;58;7;6.63;6.1;0.26;22000;14000;0.04;▶;61809;;–;;48.2;–;54;–;0.3;47;–;56;0.3;0.015;17
307;45;68;12;14;10.8;0.465;–;6000;0.14;▶;61909-2RS1;;–;;52.4;–;–;62.8;0.6;48.2;52;64;0.6;0.02;16
308;45;68;12;14;10.8;0.465;20000;10000;0.14;▶;61909-2RZ;;–;;52.4;–;–;62.8;0.6;48.2;52;64;0.6;0.02;16
309;45;68;12;14;10.8;0.465;20000;13000;0.14;▶;61909;;–;;52.4;–;61.2;–;0.6;48.2;–;64;0.6;0.02;16
310;45;75;10;16.5;10.8;0.52;20000;12000;0.17;▶;16009;;–;;55;–;65;–;0.6;48.2;–;71;0.6;0.02;14
311;45;75;16;22.1;14.6;0.64;20000;12000;0.24;▶;6009;;–;;54.7;–;–;67.8;1;51;–;69;1;0.025;15
312;45;75;16;22.1;14.6;0.64;–;5600;0.25;▶;6009-2RS1;;6009-RS1;;54.7;–;–;67.8;1;51;54;69;1;0.025;15
313;45;75;16;22.1;14.6;0.64;20000;10000;0.25;▶;6009-2Z;;6009-Z;;54.7;–;–;67.8;1;51;54;69;1;0.025;15
314;45;75;23;20.8;14.6;0.64;–;5600;0.36;;63009-2RS1;;–;;54.7;–;–;67.8;1;51;54;69;1;0.025;15
315;45;85;19;35.1;21.6;0.915;17000;11000;0.42;▶;6209;;–;;57.6;–;–;75.2;1.1;52;–;78;1;0.025;14
316;45;85;19;35.1;21.6;0.915;–;5000;0.42;▶;6209-2RSH;▶;6209-RSH;;–;54.1;–;76.5;1.1;52;53;78;1;0.025;14
317;45;85;19;35.1;21.6;0.92;17000;8500;0.43;▶;6209-2Z;;6209-Z;;57.6;–;–;75.2;1.1;52;57;78;1;0.025;14
318;45;85;23;33.2;21.6;0.915;–;5000;0.51;;62209-2RS1;;–;;57.6;–;–;75.2;1.1;52;57;78;1;0.025;14
319;45;100;25;55.3;31.5;1.34;15000;9500;0.84;▶;6309;;–;;62.1;–;–;86.7;1.5;54;–;91;1.5;0.03;13
320;45;100;25;55.3;31.5;1.34;15000;14000;0.85;;6309M;;–;;62.1;–;–;86.7;1.5;54;–;91;1.5;0.03;13
321;45;100;25;55.3;31.5;1.34;–;4500;0.85;▶;6309-2RSH;▶;6309-RSH;;–;58.2;–;87.5;1.5;54;57;91;1.5;0.03;13
322;45;100;25;55.3;31.5;1.34;15000;7500;0.87;▶;6309-2Z;;6309-Z;;62.1;–;–;86.7;1.5;54;62;91;1.5;0.03;13
323;45;100;36;52.7;31.5;1.34;–;4500;1.2;;62309-2RS1;;–;;62.1;–;–;86.7;1.5;54;62;91;1.5;0.03;13
324;45;120;29;76.1;45;1.9;13000;8500;1.55;;6409;;–;;68.9;–;95.9;–;2;58;–;107;2;0.035;12
325;50;65;7;6.76;6.8;0.285;–;6000;0.052;▶;61810-2RS1;;–;50;54.6;–;–;61.8;0.3;52;55;63;0.3;0.015;17
326;50;65;7;6.76;6.8;0.285;20000;10000;0.052;▶;61810-2RZ;;–;;54.6;–;–;61.8;0.3;52;55;63;0.3;0.015;17
327;50;65;7;6.76;6.8;0.285;20000;13000;0.052;▶;61810;;–;;54.6;–;60.3;–;0.3;52;–;63;0.3;0.015;17
328;50;72;12;14.6;11.8;0.5;–;5600;0.14;▶;61910-2RS1;;–;;56.8;–;–;67.3;0.6;54;56;68;0.6;0.02;16
329;50;72;12;14.6;11.8;0.5;19000;9500;0.14;▶;61910-2RZ;;–;;56.8;–;–;67.3;0.6;54;56;68;0.6;0.02;16
330;50;72;12;14.6;11.8;0.5;19000;12000;0.14;▶;61910;;–;;56.8;–;65.6;–;0.6;54;–;68;0.6;0.02;16
331;50;80;10;16.8;11.4;0.56;18000;11000;0.18;▶;16010;;–;;60;–;70;–;0.6;54;–;76;0.6;0.02;14
332;50;80;16;22.9;16;0.71;18000;11000;0.26;▶;6010;;–;;59.7;–;–;72.8;1;55;–;75;1;0.025;15
333;50;80;16;22.9;15.6;0.71;–;5000;0.27;▶;6010-2RS1;;6010-RS1;;59.7;–;–;72.8;1;55;59;75;1;0.025;15
334;50;80;16;22.9;15.6;0.71;18000;9000;0.27;;6010-2RZ;;6010-RZ;;59.7;–;–;72.8;1;55;59;75;1;0.025;15
335;50;80;16;22.9;15.6;0.71;18000;9000;0.27;▶;6010-2Z;;6010-Z;;59.7;–;–;72.8;1;55;59;75;1;0.025;15
336;50;80;23;21.6;15.6;0.71;–;5000;0.38;;63010-2RS1;;–;;59.7;–;–;72.8;1;55;59;75;1;0.025;15
337;50;90;20;37.1;23.2;0.98;15000;10000;0.46;▶;6210;;–;;62.5;–;–;81.7;1.1;57;–;83;1;0.025;14
338;50;90;20;37.1;23.2;0.98;15000;14000;0.52;;6210M;;–;;62.5;–;–;81.7;1.1;57;–;83;1;0.025;14
339;50;90;20;37.1;23.2;0.98;–;4800;0.46;▶;6210-2RSH;▶;6210-RSH;;–;58.8;–;82.2;1.1;57;58;83;1;0.025;14
340;50;90;20;37.1;23.2;0.98;15000;8000;0.47;▶;6210-2Z;;6210-Z;50;62.5;–;–;81.7;1.1;57;62;83;1;0.025;14
341;50;90;20;37.1;23.2;0.98;15000;8000;0.48;;6210-2RZ;;6210-RZ;cont;62.5;–;–;81.7;1.1;57;62;83;1;0.025;14
342;50;90;23;35.1;23.2;0.98;–;4800;0.54;;62210-2RS1;;–;;62.5;–;–;81.7;1.1;57;62;83;1;0.025;14
343;50;110;27;65;38;1.6;13000;8500;1.3;;6310M;;–;;68.7;–;–;95.2;2;61;–;99;2;0.03;13
344;50;110;27;65;38;1.6;–;4300;1.1;▶;6310-2RSH;▶;6310-RSH;;–;64.7;–;95.9;2;61;64;99;2;0.03;13
345;50;110;27;65;38;1.6;13000;8500;1.1;▶;6310;;–;;68.7;–;–;95.2;2;61;–;99;2;0.03;13
346;50;110;27;65;38;1.6;13000;6700;1.1;▶;6310-2Z;;6310-Z;;68.7;–;–;95.2;2;61;68;99;2;0.03;13
347;50;110;40;61.8;38;1.6;–;4300;1.6;;62310-2RS1;;–;;68.7;–;–;95.2;2;61;68;99;2;0.03;13
348;50;130;31;87.1;52;2.2;12000;7500;1.95;;6410;;–;;75.4;–;105;–;2.1;64;–;116;2;0.035;12
349;55;72;9;9.04;8.8;0.375;–;5300;0.083;▶;61811-2RS1;;–;55;60.3;–;–;68.6;0.3;57;60;70;0.3;0.015;17
350;55;72;9;9.04;8.8;0.375;19000;9500;0.083;▶;61811-2RZ;;–;;60.3;–;–;68.6;0.3;57;60;70;0.3;0.015;17
351;55;72;9;9.04;8.8;0.375;19000;12000;0.083;▶;61811;;–;;60.3;–;67;–;0.3;57;–;70;0.3;0.015;17
352;55;80;13;16.5;14;0.6;–;5000;0.19;▶;61911-2RS1;;–;;63;–;–;74.2;1;60;63;75;1;0.02;16
353;55;80;13;16.5;14;0.6;17000;8500;0.19;;61911-2RZ;;–;;63;–;–;74.2;1;60;63;75;1;0.02;16
354;55;80;13;16.5;14;0.6;17000;11000;0.19;▶;61911;;–;;63;–;72.3;–;1;60;–;75;1;0.02;16
355;55;90;11;20.3;14;0.695;16000;10000;0.26;▶;16011;;–;;67;–;78.1;–;0.6;59;–;86;0.6;0.02;14
356;55;90;18;29.6;21.2;0.9;16000;14000;0.44;;6011M;;–;;66.3;–;–;81.5;1.1;61;–;84;1;0.025;15
357;55;90;18;29.6;21.2;0.9;16000;10000;0.38;▶;6011;;–;;66.3;–;–;81.5;1.1;61;–;84;1;0.025;15
358;55;90;18;29.6;21.2;0.9;–;4500;0.4;▶;6011-2RS1;;6011-RS1;;66.3;–;–;81.5;1.1;61;66;84;1;0.025;15
359;55;90;18;29.6;21.2;0.9;16000;8000;0.4;▶;6011-2Z;;6011-Z;;66.3;–;–;81.5;1.1;61;66;84;1;0.025;15
360;55;100;21;46.2;29;1.25;14000;9000;0.61;▶;6211;;–;;69;–;–;89.4;1.5;64;–;91;1.5;0.025;14
361;55;100;21;46.2;29;1.25;14000;13000;0.72;;6211M;;–;;69;–;–;89.4;1.5;64;–;91;1.5;0.025;14
362;55;100;21;46.2;29;1.25;–;4300;0.62;▶;6211-2RSH;▶;6211-RSH;;–;65.2;–;90.5;1.5;64;64;91;1.5;0.025;14
363;55;100;21;46.2;29;1.25;14000;7000;0.64;▶;6211-2Z;;6211-Z;;69;–;–;89.4;1.5;64;69;91;1.5;0.025;14
364;55;100;25;43.6;29;1.25;–;4300;0.75;;62211-2RS1;;–;;69;–;–;89.4;1.5;64;69;91;1.5;0.025;14
365;55;120;29;74.1;45;1.9;12000;8000;1.35;▶;6311;;–;;75.3;–;–;104;2;66;–;109;2;0.03;13
366;55;120;29;74.1;45;1.9;12000;11000;1.65;;6311M;;–;;75.3;–;–;104;2;66;–;109;2;0.03;13
367;55;120;29;74.1;45;1.9;–;3800;1.4;▶;6311-2RSH;▶;6311-RSH;;–;71.1;–;105;2;66;70;109;2;0.03;13
368;55;120;29;74.1;45;1.9;12000;6300;1.4;▶;6311-2Z;;6311-Z;;75.3;–;–;104;2;66;75;109;2;0.03;13
369;55;120;43;71.5;45;1.9;–;3800;2.05;;62311-2RS1;;–;;75.3;–;–;104;2;66;75;109;2;0.03;13
370;55;140;33;99.5;62;2.6;11000;7000;2.35;;6411;;–;;81.5;–;114;–;2.1;69;–;126;2;0.035;12
371;60;78;10;11.9;11.4;0.49;–;4800;0.11;▶;61812-2RS1;;–;60;65.4;–;–;74.5;0.3;62;65;76;0.3;0.015;17
372;60;78;10;11.9;11.4;0.49;17000;8500;0.11;▶;61812-2RZ;;–;;65.4;–;–;74.5;0.3;62;65;76;0.3;0.015;17
373;60;78;10;11.9;11.4;0.49;17000;11000;0.11;▶;61812;;–;;65.4;–;72.9;–;0.3;62;–;76;0.3;0.015;17
374;60;85;13;16.5;12;0.6;–;4500;0.21;▶;61912-2RS1;;–;;68.3;–;–;78.7;1;65;68;80;1;0.02;14
375;60;85;13;16.5;12;0.6;16000;10000;0.2;▶;61912;;–;;68.3;–;–;78.7;1;65;–;80;1;0.02;14
376;60;85;13;16.5;14.3;0.6;16000;8000;0.2;;61912-2RZ;;–;;68.3;–;–;78.7;1;65;68;80;1;0.02;16
377;60;95;11;20.8;15;0.735;15000;9500;0.29;▶;16012;;–;;72;–;83;–;0.6;64;–;91;0.6;0.02;14
378;60;95;18;30.7;23.2;0.98;15000;9500;0.41;▶;6012;;–;;71.3;–;–;86.5;1.1;66;–;89;1;0.025;16
379;60;95;18;30.7;23.2;0.98;–;4300;0.43;▶;6012-2RS1;;6012-RS1;;71.3;–;–;86.5;1.1;66;71;89;1;0.025;16
380;60;95;18;30.7;23.2;0.98;15000;7500;0.43;;6012-2RZ;;6012-RZ;;71.3;–;–;86.5;1.1;66;71;89;1;0.025;16
381;60;95;18;30.7;23.2;0.98;15000;7500;0.43;▶;6012-2Z;;6012-Z;;71.3;–;–;86.5;1.1;66;71;89;1;0.025;16
382;60;110;22;55.3;36;1.53;13000;8000;0.78;▶;6212;;–;;75.5;–;–;98;1.5;69;–;101;1.5;0.025;14
383;60;110;22;55.3;36;1.53;13000;8000;0.93;;6212M;;–;;75.5;–;–;98;1.5;69;–;101;1.5;0.025;14
384;60;110;22;55.3;36;1.53;–;4000;0.79;▶;6212-2RSH;▶;6212-RSH;;–;71.5;–;99.5;1.5;69;71;101;1.5;0.025;14
385;60;110;22;55.3;36;1.53;13000;6300;0.81;▶;6212-2Z;;6212-Z;;75.5;–;–;98;1.5;69;75;101;1.5;0.025;14
386;60;110;28;52.7;36;1.53;–;4000;1;;62212-2RS1;;–;;75.5;–;–;98;1.5;69;75;101;1.5;0.025;14
387;60;130;31;85.2;52;2.2;11000;7000;2.1;;6312M;;–;;81.8;–;–;113;2.1;72;–;118;2;0.03;13
388;60;130;31;85.2;52;2.2;–;3400;1.75;▶;6312-2RSH;▶;6312-RSH;;–;77.5;–;113;2.1;72;77;118;2;0.03;13
389;60;130;31;85.2;52;2.2;11000;5600;1.8;▶;6312-2Z;;6312-Z;;81.8;–;–;113;2.1;72;81;118;2;0.03;13
390;60;130;31;85.2;52;2.2;11000;7000;1.7;▶;6312;;–;;81.8;–;–;113;2.1;72;–;118;2;0.03;13
391;60;130;46;81.9;52;2.2;–;3400;2.55;;62312-2RS1;;–;;81.8;–;–;113;2.1;72;81;118;2;0.03;13
392;60;150;35;108;69.5;2.9;10000;6300;2.85;;6412;;–;;88.1;–;122;–;2.1;74;–;136;2;0.035;12
393;65;85;10;12.4;12.7;0.54;–;4500;0.13;▶;61813-2RS1;;–;65;71.4;–;–;80.5;0.6;69;71;81;0.6;0.015;17
394;65;85;10;12.4;12.7;0.54;16000;8000;0.13;▶;61813-2RZ;;–;;71.4;–;–;80.5;0.6;69;71;81;0.6;0.015;17
395;65;85;10;12.4;12.7;0.54;16000;10000;0.13;▶;61813;;–;;71.4;–;78.9;–;0.6;69;–;81;0.6;0.015;17
396;65;90;13;17.4;16;0.68;–;4300;0.22;▶;61913-2RS1;;–;;73;–;–;84.2;1;70;73;85;1;0.02;17
397;65;90;13;17.4;16;0.68;15000;7500;0.22;;61913-2RZ;;–;;73;–;–;84.2;1;70;73;85;1;0.02;17
398;65;90;13;17.4;16;0.68;15000;9500;0.22;▶;61913;;–;;73;–;82.3;–;1;70;–;85;1;0.02;17
399;65;100;11;22.5;19.6;0.83;14000;9000;0.3;▶;16013;;–;;76.5;–;88.4;–;0.6;69;–;96;0.6;0.02;16
400;65;100;18;31.9;25;1.06;14000;9000;0.44;▶;6013;;–;;76.3;–;–;91.5;1.1;71;–;94;1;0.025;16
401;65;100;18;31.9;25;1.06;14000;12000;0.44;;6013M;;–;;76.3;–;–;91.5;1.1;71;–;94;1;0.025;16
402;65;100;18;31.9;25;1.06;–;4000;0.45;▶;6013-2RS1;;6013-RS1;;76.3;–;–;91.5;1.1;71;76;94;1;0.025;16
403;65;100;18;31.9;25;1.06;14000;7000;0.46;▶;6013-2Z;;6013-Z;;76.3;–;–;91.5;1.1;71;76;94;1;0.025;16
404;65;120;23;58.5;40.5;1.73;12000;10000;1.2;;6213M;;–;;83.3;–;–;106;1.5;74;–;111;1.5;0.025;15
405;65;120;23;58.5;40.5;1.73;12000;7500;1;▶;6213;–;;65;83.3;–;–;106;1.5;74;–;111;1.5;0.025;15
406;65;120;23;58.5;40.5;1.73;–;3600;1.05;▶;6213-2RS1;6213-RS1;;cont;83.3;–;–;106;1.5;74;83;111;1.5;0.025;15
407;65;120;23;58.5;40.5;1.73;12000;6000;1.05;▶;6213-2Z;6213-Z;;;83.3;–;–;106;1.5;74;83;111;1.5;0.025;15
408;65;120;31;55.9;40.5;1.73;–;3600;1.4;;62213-2RS1;–;;;83.3;–;–;106;1.5;74;83;111;1.5;0.025;15
409;65;140;33;97.5;60;2.5;10000;6700;2.55;;6313M;–;;;88.3;–;–;122;2.1;77;–;128;2;0.03;13
410;65;140;33;97.5;60;2.5;10000;6700;2.1;▶;6313;–;;;88.3;–;–;122;2.1;77;–;128;2;0.03;13
411;65;140;33;97.5;60;2.5;–;3200;2.15;▶;6313-2RS1;6313-RS1;;;88.3;–;–;122;2.1;77;88;128;2;0.03;13
412;65;140;33;97.5;60;2.5;10000;5300;2.15;▶;6313-2Z;6313-Z;;;88.3;–;–;122;2.1;77;88;128;2;0.03;13
413;65;140;48;92.3;60;2.5;–;3200;3;;62313-2RS1;–;;;88.3;–;–;122;2.1;77;88;128;2;0.03;13
414;65;160;37;119;78;3.15;9500;6000;3.35;;6413;–;;;94;–;131;–;2.1;79;–;146;2;0.035;12
415;70;90;10;12.4;13.2;0.56;–;4300;0.14;▶;61814-2RS1;–;;70;76.4;–;–;85.5;0.6;74;76;86;0.6;0.015;17
416;70;90;10;12.4;13.2;0.56;15000;7500;0.14;▶;61814-2RZ;–;;;76.4;–;–;85.5;0.6;74;76;86;0.6;0.015;17
417;70;90;10;12.4;13.2;0.56;15000;9000;0.14;▶;61814;–;;;76.4;–;83.9;–;0.6;74;–;86;0.6;0.015;17
418;70;100;16;23.8;18.3;0.9;14000;8500;0.34;▶;61914;–;;;79.8;–;–;92.9;1;75;–;95;1;0.02;14
419;70;100;16;23.8;21.2;0.9;–;4000;0.35;;61914-2RS1;–;;;79.8;–;–;92.9;1;75;79;95;1;0.02;16
420;70;100;16;23.8;21.2;0.9;14000;7000;0.35;;61914-2RZ;–;;;79.8;–;–;92.9;1;75;79;95;1;0.02;16
421;70;110;13;29.1;25;1.06;13000;8000;0.44;▶;16014;–;;;83.3;–;96.8;–;0.6;74;–;106;0.6;0.02;16
422;70;110;20;39.7;31;1.32;13000;11000;0.7;;6014M;–;;;82.8;–;–;99.9;1.1;76;–;104;1;0.025;16
423;70;110;20;39.7;31;1.32;13000;8000;0.61;▶;6014;–;;;82.8;–;–;99.9;1.1;76;–;104;1;0.025;16
424;70;110;20;39.7;31;1.32;–;3600;0.63;▶;6014-2RS1;6014-RS1;;;82.8;–;–;99.9;1.1;76;82;104;1;0.025;16
425;70;110;20;39.7;31;1.32;13000;6300;0.64;▶;6014-2Z;6014-Z;;;82.8;–;–;99.9;1.1;76;82;104;1;0.025;16
426;70;125;24;60.5;45;1.9;11000;10000;1.3;;6214M;–;;;87;–;–;111;1.5;79;–;116;1.5;0.025;15
427;70;125;24;63.7;45;1.9;11000;7000;1.1;▶;6214;–;;;87;–;–;111;1.5;79;–;116;1.5;0.025;15
428;70;125;24;63.7;45;1.9;–;3400;1.1;▶;6214-2RS1;6214-RS1;;;87;–;–;111;1.5;79;87;116;1.5;0.025;15
429;70;125;24;63.7;45;1.9;11000;5600;1.15;▶;6214-2Z;6214-Z;;;87;–;–;111;1.5;79;87;116;1.5;0.025;15
430;70;125;31;60.5;45;1.9;–;3400;1.4;;62214-2RS1;–;;;87;–;–;111;1.5;79;87;116;1.5;0.025;15
431;70;150;35;111;68;2.75;9500;6300;2.55;▶;6314;–;;;94.9;–;–;130;2.1;82;–;138;2;0.03;13
432;70;150;35;111;68;2.75;9500;6300;3.1;;6314M;–;;;94.9;–;–;130;2.1;82;–;138;2;0.03;13
433;70;150;35;111;68;2.75;–;3000;2.6;▶;6314-2RS1;6314-RS1;;;94.9;–;–;130;2.1;82;94;138;2;0.03;13
434;70;150;35;111;68;2.75;9500;5000;2.65;▶;6314-2Z;6314-Z;;;94.9;–;–;130;2.1;82;94;138;2;0.03;13
435;70;150;51;104;68;2.75;–;3000;3.75;;62314-2RS1;–;;;94.9;–;–;130;2.1;82;94;138;2;0.03;13
436;70;180;42;143;104;3.9;8500;5300;4.95;;6414;–;;;103;–;146;–;3;86;–;164;2.5;0.035;12
437;75;95;10;12.5;10.8;0.585;–;4000;0.15;▶;61815-2RS1;–;;75;81.7;–;–;90.7;1.3;79;81;91;0.6;0.015;13
438;75;95;10;12.5;10.8;0.585;14000;7000;0.15;▶;61815-2RZ;–;;;81.7;–;–;90.7;1.3;79;81;91;0.6;0.015;13
439;75;95;10;12.5;10.8;0.585;14000;8500;0.15;▶;61815;–;;;81.7;–;–;90.7;1.3;79;–;91;0.6;0.015;13
440;75;105;16;24.2;19.3;0.965;13000;8000;0.36;▶;61915;–;;;84.8;–;–;97.9;1.9;80;–;100;1;0.02;14
441;75;105;16;24.2;22.4;0.965;–;3600;0.37;;61915-2RS1;–;;;84.7;–;–;98.3;1;80;84;100;1;0.02;17
442;75;105;16;24.2;22.4;0.965;13000;6300;0.37;;61915-2RZ;–;;;84.7;–;–;98.3;1;80;84;100;1;0.02;17
443;75;115;13;30.2;27;1.14;12000;7500;0.46;▶;16015;–;;;88.3;–;102;–;0.6;79;–;111;0.6;0.02;16
444;75;115;20;41.6;33.5;1.43;12000;10000;0.74;;6015M;–;;;87.8;–;–;105;1.1;81;–;109;1;0.025;16
445;75;115;20;41.6;33.5;1.43;12000;7500;0.65;▶;6015;–;;;87.8;–;–;105;1.1;81;–;109;1;0.025;16
446;75;115;20;41.6;33.5;1.43;–;3400;0.67;▶;6015-2RS1;6015-RS1;;;87.8;–;–;105;1.1;81;87;109;1;0.025;16
447;75;115;20;41.6;33.5;1.43;12000;6000;0.67;;6015-2RZ;6015-RZ;;;87.8;–;–;105;1.1;81;87;109;1;0.025;16
448;75;115;20;41.6;33.5;1.43;12000;6000;0.68;▶;6015-2Z;6015-Z;;;87.8;–;–;105;1.1;81;87;109;1;0.025;16
449;75;130;25;68.9;49;2.04;10000;9500;1.4;;6215M;–;;;92;–;–;117;1.5;84;–;121;1.5;0.025;15
450;75;130;25;68.9;49;2.04;10000;6700;1.2;▶;6215;–;;;92;–;–;117;1.5;84;–;121;1.5;0.025;15
451;75;130;25;68.9;49;2.04;–;3200;1.2;▶;6215-2RS1;6215-RS1;;;92;–;–;117;1.5;84;92;121;1.5;0.025;15
452;75;130;25;68.9;49;2.04;10000;5300;1.25;▶;6215-2Z;6215-Z;;;92;–;–;117;1.5;84;92;121;1.5;0.025;15
453;75;160;37;119;76.5;3;9000;5600;3.05;▶;6315;–;;;101;–;–;139;2.1;87;–;148;2;0.03;13
454;75;160;37;119;76.5;3;9000;5600;3.7;;6315M;–;;;101;–;–;139;2.1;87;–;148;2;0.03;13
455;75;160;37;119;76.5;3;–;2800;3.15;▶;6315-2RS1;6315-RS1;;;101;–;–;139;2.1;87;100;148;2;0.03;13
456;75;160;37;119;76.5;3;9000;4500;3.15;▶;6315-2Z;6315-Z;;;101;–;–;139;2.1;87;100;148;2;0.03;13
457;75;190;45;153;114;4.15;8000;5000;5.8;;6415;–;;;110;–;155;–;3;91;–;174;2.5;0.035;12
458;80;100;10;12.7;11.2;0.61;–;3600;0.16;▶;61816-2RS1;–;;80;86.7;–;–;95.7;1.3;84;86;96;0.6;0.015;13
459;80;100;10;12.7;11.2;0.61;13000;8000;0.15;▶;61816;–;;;86.7;–;–;95.7;1.3;84;–;96;0.6;0.015;13
460;80;110;16;25.1;20.4;1.02;–;3400;0.4;▶;61916-2RS1;–;;;89.8;–;–;103;1;85;89;105;1;0.02;14
461;80;110;16;25.1;20.4;1.02;12000;6000;0.4;▶;61916-2RZ;–;;;89.8;–;–;103;1;85;89;105;1;0.02;14
462;80;110;16;25.1;20.4;1.02;12000;7500;0.38;▶;61916;–;;;89.8;–;–;103;1;85;–;105;1;0.02;14
463;80;125;14;35.1;31.5;1.32;11000;7000;0.61;▶;16016;–;;;95.3;–;110;–;0.6;84;–;121;0.6;0.02;16
464;80;125;22;49.4;40;1.66;11000;7000;0.86;▶;6016;–;;;94.4;–;–;115;1.1;86;–;119;1;0.025;16
465;80;125;22;49.4;40;1.66;–;3200;0.88;▶;6016-2RS1;6016-RS1;;;94.4;–;–;115;1.1;86;94;119;1;0.025;16
466;80;125;22;49.4;40;1.66;11000;5600;0.89;▶;6016-2Z;6016-Z;;;94.4;–;–;115;1.1;86;94;119;1;0.025;16
467;80;140;26;72.8;55;2.2;9500;6000;1.45;▶;6216;–;;;101;–;–;127;2;91;–;129;2;0.025;15
468;80;140;26;72.8;55;2.2;9500;8500;1.7;;6216M;–;;;101;–;–;127;2;91;–;129;2;0.025;15
469;80;140;26;72.8;55;2.2;–;3000;1.5;▶;6216-2RS1;6216-RS1;;;101;–;–;127;2;91;100;129;2;0.025;15
470;80;140;26;72.8;55;2.2;9500;4800;1.55;▶;6216-2Z;6216-Z;;80;101;–;–;127;2;91;100;129;2;0.025;15
471;80;170;39;130;86.5;3.25;8500;7500;4.4;;6316M;–;;cont;108;–;–;147;2.1;92;–;158;2;0.03;13
472;80;170;39;130;86.5;3.25;8500;5300;3.65;▶;6316;–;;;108;–;–;147;2.1;92;–;158;2;0.03;13
473;80;170;39;130;86.5;3.25;–;2600;3.7;▶;6316-2RS1;6316-RS1;;;108;–;–;147;2.1;92;107;158;2;0.03;13
474;80;170;39;130;86.5;3.25;8500;4300;3.75;▶;6316-2Z;6316-Z;;;108;–;–;147;2.1;92;107;158;2;0.03;13
475;80;200;48;163;125;4.5;7500;4800;6.85;;6416;–;;;116;–;163;–;3;96;–;184;2.5;0.035;12
476;85;110;13;19.5;16.6;0.88;–;3400;0.28;▶;61817-2RS1;–;;85;93.3;–;–;105;1.9;90;93;105;1;0.015;14
477;85;110;13;19.5;16.6;0.88;12000;6000;0.28;▶;61817-2RZ;–;;;93.3;–;–;105;1.9;90;93;105;1;0.015;14
478;85;110;13;19.5;16.6;0.88;12000;7500;0.26;▶;61817;–;;;93.3;–;–;105;1.9;90;–;105;1;0.015;14
479;85;120;18;31.9;30;1.25;11000;7000;0.55;▶;61917;–;;;96.4;–;109;–;1.1;91;–;114;1;0.02;16
480;85;130;14;35.8;33.5;1.37;11000;6700;0.64;▶;16017;–;;;100;–;115;–;0.6;89;–;126;0.6;0.02;17
481;85;130;22;52;43;1.76;11000;6700;0.9;▶;6017;–;;;99.4;–;–;120;1.1;92;–;123;1;0.025;16
482;85;130;22;52;43;1.76;–;3000;0.93;▶;6017-2RS1;6017-RS1;;;99.4;–;–;120;1.1;92;99;123;1;0.025;16
483;85;130;22;52;43;1.76;11000;5300;0.94;▶;6017-2Z;6017-Z;;;99.4;–;–;120;1.1;92;99;123;1;0.025;16
484;85;150;28;87.1;64;2.5;9000;8000;2;;6217M;–;;;106;–;–;135;2;96;–;139;2;0.025;15
485;85;150;28;87.1;64;2.5;9000;5600;1.8;▶;6217;–;;;106;–;–;135;2;96;–;139;2;0.025;15
486;85;150;28;87.1;64;2.5;–;2800;1.9;▶;6217-2RS1;6217-RS1;;;106;–;–;135;2;96;105;139;2;0.025;15
487;85;150;28;87.1;64;2.5;9000;4500;1.9;▶;6217-2Z;6217-Z;;;106;–;–;135;2;96;105;139;2;0.025;15
488;85;180;41;140;96.5;3.55;8000;5000;4.25;▶;6317;–;;;114;–;–;156;3;99;–;166;2.5;0.03;13
489;85;180;41;140;96.5;3.55;8000;7500;5.2;;6317M;–;;;114;–;–;156;3;99;–;166;2.5;0.03;13
490;85;180;41;140;96.5;3.55;–;2400;4.35;▶;6317-2RS1;6317-RS1;;;114;–;–;156;3;99;114;166;2.5;0.03;13
491;85;180;41;140;96.5;3.55;8000;4000;4.4;▶;6317-2Z;6317-Z;;;114;–;–;156;3;99;114;166;2.5;0.03;13
492;85;210;52;174;137;4.75;7000;4500;8.05;;6417;–;;;123;–;172;–;4;105;–;190;3;0.035;12
493;90;115;13;19.5;17;0.915;–;3200;0.29;▶;61818-2RS1;–;;90;98.3;–;–;110;1;95;98;110;1;0.015;13
494;90;115;13;19.5;17;0.915;11000;5600;0.29;▶;61818-2RZ;–;;;98.3;–;–;110;1;95;98;110;1;0.015;13
495;90;115;13;19.5;17;0.915;11000;7000;0.28;▶;61818;–;;;98.3;–;–;110;1;95;–;110;1;0.015;13
496;90;125;18;33.2;31.5;1.29;11000;6700;0.59;▶;61918;–;;;101;–;114;–;1.1;96;–;119;1;0.02;17
497;90;140;16;43.6;39;1.56;10000;6300;0.85;▶;16018;–;;;106;–;124;–;1;95;–;135;1;0.02;16
498;90;140;24;60.5;50;1.96;10000;8500;1.35;;6018M;–;;;105;–;–;129;1.5;97;–;133;1.5;0.025;16
499;90;140;24;60.5;50;1.96;10000;6300;1.15;▶;6018;–;;;105;–;–;129;1.5;97;–;133;1.5;0.025;16
500;90;140;24;60.5;50;1.96;–;2800;1.2;▶;6018-2RS1;6018-RS1;;;105;–;–;129;1.5;97;105;133;1.5;0.025;16
501;90;140;24;60.5;50;1.96;10000;5000;1.2;▶;6018-2Z;6018-Z;;;105;–;–;129;1.5;97;105;133;1.5;0.025;16
502;90;160;30;101;73.5;2.8;8500;5300;2.2;▶;6218;–;;;112;–;–;143;2;101;–;149;2;0.025;15
503;90;160;30;101;73.5;2.8;8500;5300;2.65;;6218M;–;;;112;–;–;143;2;101;–;149;2;0.025;15
504;90;160;30;101;73.5;2.8;–;2600;2.3;▶;6218-2RS1;6218-RS1;;;112;–;–;143;2;101;112;149;2;0.025;15
505;90;160;30;101;73.5;2.8;8500;4300;2.3;▶;6218-2Z;6218-Z;;90;112;–;–;143;2;101;112;149;2;0.025;15
506;90;190;43;151;108;3.8;7500;7000;6.1;;6318M;–;;cont;121;–;–;164;3;104;–;176;2.5;0.03;13
507;90;190;43;151;108;3.8;7500;4800;4.95;▶;6318;–;;;121;–;–;164;3;104;–;176;2.5;0.03;13
508;90;190;43;151;108;3.8;–;2400;5.1;▶;6318-2RS1;6318-RS1;;;121;–;–;164;3;104;120;176;2.5;0.03;13
509;90;190;43;151;108;3.8;7500;3800;5.15;▶;6318-2Z;6318-Z;;;121;–;–;164;3;104;120;176;2.5;0.03;13
510;90;225;54;186;150;5;6700;4300;9.8;;6418;–;;;132;–;181;–;4;110;–;205;3;0.035;13
511;95;120;13;19.9;17.6;0.93;–;3000;0.31;▶;61819-2RS1;–;;95;103;–;–;115;1;100;102;115;1;0.015;13
512;95;120;13;19.9;17.6;0.93;11000;6700;0.29;▶;61819;–;;;103;–;–;115;1;100;–;115;1;0.015;13
513;95;130;18;33.8;33.5;1.34;–;3000;0.65;;61919-2RS1;–;;;106;–;–;122;1.1;101;105;124;1;0.02;17
514;95;130;18;33.8;33.5;1.34;10000;6300;0.61;;61919;–;;;106;–;119;–;1.1;101;–;124;1;0.02;17
515;95;145;16;44.9;41.5;1.63;9500;6000;0.89;▶;16019;–;;;111;–;129;–;1;100;–;140;1;0.02;16
516;95;145;24;63.7;54;2.08;9500;6000;1.2;▶;6019;–;;;111;–;–;134;1.5;102;–;138;1.5;0.025;16
517;95;145;24;63.7;54;2.08;–;2800;1.25;▶;6019-2RS1;–;;;111;–;–;134;1.5;102;111;138;1.5;0.025;16
518;95;145;24;63.7;54;2.08;9500;4800;1.25;▶;6019-2Z;6019-Z;;;111;–;–;134;1.5;102;111;138;1.5;0.025;16
519;95;170;32;114;81.5;3;8000;5000;2.65;▶;6219;–;;;118;–;–;152;2.1;107;–;158;2;0.025;14
520;95;170;32;114;81.5;3;8000;5000;3.2;;6219M;–;;;118;–;–;152;2.1;107;–;158;2;0.025;14
521;95;170;32;114;81.5;3;–;2400;2.7;▶;6219-2RS1;6219-RS1;;;118;–;–;152;2.1;107;118;158;2;0.025;14
522;95;170;32;114;81.5;3;8000;4000;2.7;▶;6219-2Z;6219-Z;;;118;–;–;152;2.1;107;118;158;2;0.025;14
523;95;200;45;159;118;4.15;7000;4500;5.75;▶;6319;–;;;127;–;–;172;3;109;–;186;2.5;0.03;13
524;95;200;45;159;118;4.15;7000;6300;7.05;;6319M;–;;;127;–;–;172;3;109;–;186;2.5;0.03;13
525;95;200;45;159;118;4.15;–;2200;5.85;▶;6319-2RS1;6319-RS1;;;127;–;–;172;3;109;127;186;2.5;0.03;13
526;95;200;45;159;118;4.15;7000;3600;5.85;▶;6319-2Z;6319-Z;;;127;–;–;172;3;109;127;186;2.5;0.03;13
527;100;125;13;17.8;18.3;0.95;–;3000;0.32;▶;61820-2RS1;–;;100;108;–;–;120;1;105;107;120;1;0.015;13
528;100;125;13;17.8;18.3;0.95;10000;5300;0.32;▶;61820-2RZ;–;;;108;–;–;120;1;105;107;120;1;0.015;13
529;100;125;13;17.8;18.3;0.95;10000;6300;0.3;▶;61820;–;;;108;–;–;120;1;105;–;120;1;0.015;13
530;100;140;20;42.3;41.5;1.63;9500;6000;0.83;;61920;–;;;112;–;128;–;1.1;106;–;134;1;0.02;16
531;100;150;16;46.2;44;1.7;9500;5600;0.94;▶;16020;–;;;116;–;134;–;1;105;–;145;1;0.02;17
532;100;150;24;63.7;54;2.04;9500;7500;1.45;;6020M;–;;;115;–;–;139;1.5;107;–;143;1.5;0.025;16
533;100;150;24;63.7;54;2.04;9500;5600;1.25;▶;6020;–;;;115;–;–;139;1.5;107;–;143;1.5;0.025;16
534;100;150;24;63.7;54;2.04;–;2600;1.3;▶;6020-2RS1;6020-RS1;;;115;–;–;139;1.5;107;115;143;1.5;0.025;16
535;100;150;24;63.7;54;2.04;9500;4500;1.3;▶;6020-2Z;6020-Z;;;115;–;–;139;1.5;107;115;143;1.5;0.025;16
536;100;180;34;127;93;3.35;7500;4800;3.2;▶;6220;–;;;124;–;–;160;2.1;112;–;168;2;0.025;14
537;100;180;34;127;93;3.35;7500;7000;3.8;;6220M;–;;;124;–;–;160;2.1;112;–;168;2;0.025;14
538;100;180;34;127;93;3.35;–;2400;3.3;▶;6220-2RS1;6220-RS1;;;124;–;–;160;2.1;112;124;168;2;0.025;14
539;100;180;34;127;93;3.35;7500;3800;3.3;▶;6220-2Z;6220-Z;;100;124;–;–;160;2.1;112;124;168;2;0.025;14
540;100;215;47;174;140;4.75;6700;4300;7.1;▶;6320;–;;cont;135;–;–;184;3;114;–;201;2.5;0.03;13
541;100;215;47;174;140;4.75;6700;6000;8.7;;6320M;–;;;135;–;–;184;3;114;–;201;2.5;0.03;13
542;100;215;47;174;140;4.75;–;2000;7.2;▶;6320-2RS1;6320-RS1;;;135;–;–;184;3;114;135;201;2.5;0.03;13
543;100;215;47;174;140;4.75;6700;3400;7.3;▶;6320-2Z;6320-Z;;;135;–;–;184;3;114;135;201;2.5;0.03;13
544;105;130;13;20.8;19.6;1;–;2800;0.33;▶;61821-2RS1;–;;105;112;–;–;125;1;110;112;125;1;0.015;13
545;105;130;13;20.8;19.6;1;10000;5000;0.33;▶;61821-2RZ;–;;;112;–;–;125;1;110;112;125;1;0.015;13
546;105;130;13;20.8;19.6;1;10000;6300;0.31;▶;61821;–;;;112;–;–;125;1;110;–;125;1;0.015;13
547;105;145;20;44.2;44;1.7;9500;5600;0.87;;61921;–;;;117;–;133;–;1.1;111;–;139;1;0.02;17
548;105;160;18;54;51;1.86;8500;5300;1.2;▶;16021;–;;;123;–;142;–;1;110;–;155;1;0.02;16
549;105;160;26;76.1;65.5;2.4;8500;5300;1.6;▶;6021;–;;;122;–;–;147;2;116;–;149;2;0.025;16
550;105;160;26;76.1;65.5;2.4;8500;7500;1.85;;6021M;–;;;122;–;–;147;2;116;–;149;2;0.025;16
551;105;160;26;76.1;65.5;2.4;–;2400;1.65;▶;6021-2RS1;6021-RS1;;;122;–;–;147;2;116;122;149;2;0.025;16
552;105;160;26;76.1;65.5;2.4;8500;4300;1.65;▶;6021-2Z;6021-Z;;;122;–;–;147;2;116;122;149;2;0.025;16
553;105;190;36;140;104;3.65;7000;4500;3.8;▶;6221;–;;;131;–;–;167;2.1;117;–;178;2;0.025;14
554;105;190;36;140;104;3.65;7000;3600;3.9;▶;6221-2Z;6221-Z;;;131;–;–;167;2.1;117;131;178;2;0.025;14
555;105;225;49;182;153;5.1;6300;3200;8.25;;6321-2Z;6321-Z;;;141;–;–;194;3;119;140;211;2.5;0.03;13
556;105;225;49;182;153;5.1;6300;4000;8.2;▶;6321;–;;;141;–;188;–;3;119;–;211;2.5;0.03;13
557;110;140;16;28.1;26;1.25;–;2600;0.6;▶;61822-2RS1;–;;110;118;–;–;135;1;115;118;135;1;0.015;14
558;110;140;16;28.1;26;1.25;9500;4500;0.6;▶;61822-2RZ;–;;;118;–;–;135;1;115;118;135;1;0.015;14
559;110;140;16;28.1;26;1.25;9500;5600;0.47;▶;61822;–;;;118;–;–;135;1;115;–;135;1;0.015;14
560;110;150;20;43.6;45;1.66;9000;5600;0.9;▶;61922;–;;;122;–;138;–;1.1;116;–;144;1;0.02;17
561;110;150;20;43.6;45;1.66;9000;7500;1.05;▶;61922MA;–;;;122;–;–;81.5;1.1;116;–;144;1;0.02;17
562;110;170;19;60.5;57;2.04;8000;5000;1.45;▶;16022;–;;;130;–;150;–;1;115;–;165;1;0.02;16
563;110;170;28;85.2;73.5;2.6;8000;5000;1.95;▶;6022;–;;;129;–;–;156;2;119;–;161;2;0.025;16
564;110;170;28;85.2;73.5;2.6;8000;7000;2.3;;6022M;–;;;129;–;–;156;2;119;–;161;2;0.025;16
565;110;170;28;85.2;73.5;2.6;–;2400;2;▶;6022-2RS1;6022-RS1;;;129;–;–;156;2;119;128;161;2;0.025;16
566;110;170;28;85.2;73.5;2.6;8000;4000;2.05;▶;6022-2Z;6022-Z;;;129;–;–;156;2;119;128;161;2;0.025;16
567;110;200;38;151;118;4;6700;4300;4.45;▶;6222;–;;;138;–;–;177;2.1;122;–;188;2;0.025;14
568;110;200;38;151;118;4;–;2000;4.6;▶;6222-2RS1;6222-RS1;;;138;–;–;177;2.1;122;137;188;2;0.025;14
569;110;200;38;151;118;4;6700;3400;4.6;▶;6222-2Z;6222-Z;;;138;–;–;177;2.1;122;137;188;2;0.025;14
570;110;240;50;203;180;5.7;6000;3800;9.65;▶;6322;–;;;149;–;200;–;3;124;–;226;2.5;0.03;13
571;110;240;50;203;180;5.7;6000;5300;11.5;▶;6322M;–;;;149;–;200;–;3;124;–;226;2.5;0.03;13
572;120;150;16;29.1;28;1.29;–;2400;0.65;▶;61824-2RS1;–;;120;128;–;–;145;1;125;128;145;1;0.015;14
573;120;150;16;29.1;28;1.29;8500;4300;0.65;▶;61824-2RZ;–;;;128;–;–;145;1;125;128;145;1;0.015;14
574;120;150;16;29.1;28;1.29;8500;5300;0.51;▶;61824;–;;;128;–;–;145;1;125;–;145;1;0.015;14
575;120;165;22;55.3;57;2.04;8000;5000;1.2;;61924;–;;;134;–;151;–;1.1;126;–;159;1;0.02;17
576;120;165;22;55.3;57;2.04;8000;6700;1.4;;61924MA;–;;;134;–;152;–;1.1;126;–;159;1;0.02;17
577;120;180;19;63.7;64;2.2;7500;4800;1.55;▶;16024;–;;;139;–;161;–;1;125;–;175;1;0.02;17
578;120;180;28;88.4;80;2.75;7500;6300;2.45;;6024MA;–;;;139;–;–;166;2;129;–;171;2;0.025;16
579;120;180;28;88.4;80;2.75;7500;4800;2.1;▶;6024;–;;;139;–;–;166;2;129;–;171;2;0.025;16
580;120;180;28;88.4;80;2.75;–;2200;2.15;▶;6024-2RS1;6024-RS1;;;139;–;–;166;2;129;139;171;2;0.025;16
581;120;180;28;88.4;80;2.75;7500;3800;2.2;▶;6024-2Z;6024-Z;;;139;–;–;166;2;129;139;171;2;0.025;16
582;120;215;40;146;118;3.9;6300;4000;5.25;▶;6224;–;;;150;–;185;–;2.1;132;–;203;2;0.025;14
583;120;215;40;146;118;3.9;6300;5600;6.1;▶;6224M;–;;;150;–;185;–;2.1;132;–;203;2;0.025;14
584;120;215;40;146;118;3.9;–;1900;5.35;▶;6224-2RS1;6224-RS1;;;150;–;–;190;2.1;132;150;203;2;0.025;14
585;120;215;40;146;118;3.9;6300;3200;5.35;;6224-2Z;6224-Z;;;150;–;–;190;2.1;132;150;203;2;0.025;14
586;120;260;55;208;186;5.7;5600;3400;12.5;▶;6324;–;;;164;–;215;–;3;134;–;246;2.5;0.03;14
587;120;260;55;208;186;5.7;5600;5000;14;▶;6324M;–;;;164;–;215;–;3;134;–;246;2.5;0.03;14
588;120;260;55;208;186;5.7;–;1700;12.5;▶;6324-2RS1;6324-RS1;;;164;–;–;221;3;134;164;246;2.5;0.03;14
589;120;260;55;208;186;5.7;5600;2800;12.5;;6324-2Z;6324-Z;;;164;–;–;221;3;134;164;246;2.5;0.03;14
590;130;165;18;37.7;43;1.6;–;2200;0.93;▶;61826-2RS1;–;;130;140;–;–;158;1.1;136;139;159;1;0.015;16
591;130;165;18;37.7;43;1.6;8000;3800;0.93;▶;61826-2RZ;–;;;140;–;–;158;1.1;136;139;159;1;0.015;16
592;130;165;18;37.7;43;1.6;8000;4800;0.75;▶;61826;–;;;140;–;–;158;1.1;136;–;159;1;0.015;16
593;130;180;24;65;67;2.28;7500;4500;1.6;▶;61926;–;;;145;–;164;–;1.5;137;–;173;1.5;0.02;16
594;130;200;22;83.2;81.5;2.7;7000;4300;2.35;▶;16026;–;;;153;–;176;–;1.1;136;–;192;1;0.02;16
595;130;200;33;112;100;3.35;7000;5600;3.75;;6026M;–;;;152;–;–;182;2;139;–;191;2;0.025;16
596;130;200;33;112;100;3.35;7000;4300;3.3;▶;6026;–;;;152;–;–;182;2;139;–;191;2;0.025;16
597;130;200;33;112;100;3.35;–;2000;3.3;▶;6026-2RS1;6026-RS1;;;152;–;–;182;2;139;152;191;2;0.025;16
598;130;200;33;112;100;3.35;7000;3400;3.35;▶;6026-2Z;6026-Z;;;152;–;–;182;2;139;152;191;2;0.025;16
599;130;230;40;156;132;4.15;5600;5300;6.95;;6226M;–;;;160;–;198;–;3;144;–;216;2.5;0.025;15
600;130;230;40;156;132;4.15;5600;3600;5.85;▶;6226;–;;;160;–;198;–;3;144;–;216;2.5;0.025;15
601;130;230;40;156;132;4.15;–;1800;6;▶;6226-2RS1;6226-RS1;;;160;–;–;203;3;144;160;216;2.5;0.025;15
602;130;230;40;156;132;4.15;5600;3000;6;▶;6226-2Z;6226-Z;;;160;–;–;203;3;144;160;216;2.5;0.025;15
603;130;280;58;229;216;6.3;5000;3200;15;▶;6326;–;;;177;–;232;–;4;147;–;263;3;0.03;14
604;130;280;58;229;216;6.3;5000;4500;17.5;▶;6326M;–;;;177;–;232;–;4;147;–;263;3;0.03;14
605;140;175;18;39;46.5;1.66;–;2000;0.99;;61828-2RS1;–;;140;150;–;–;167;1.1;146;150;169;1;0.015;16
606;140;175;18;39;46.5;1.66;7500;3600;0.99;▶;61828-2RZ;–;;;150;–;–;167;1.1;146;150;169;1;0.015;16
607;140;175;18;39;46.5;1.66;7500;4500;0.82;▶;61828;–;;;150;–;–;167;2.5;146;–;169;1;0.015;16
608;140;190;24;66.3;72;2.36;7000;4300;1.7;;61928;–;;;156;–;174;–;1.5;147;–;183;1.5;0.02;15
609;140;190;24;66.3;72;2.36;7000;5600;2;▶;61928MA;–;;;156;–;175;–;1.5;147;–;183;1.5;0.02;17
610;140;210;22;80.6;86.5;2.8;6700;4000;2.55;▶;16028;–;;;163;–;186;–;1.1;146;–;204;1;0.02;17
611;140;210;33;111;108;3.45;6700;5300;4;▶;6028M;–;;;162;–;–;192;2;149;–;201;2;0.025;16
612;140;210;33;111;108;3.45;6700;4000;3.45;▶;6028;–;;;162;–;–;192;2;149;–;201;2;0.025;16
613;140;210;33;111;108;3.45;–;1800;3.55;▶;6028-2RS1;6028-RS1;;;162;–;–;192;2;149;162;201;2;0.025;16
614;140;210;33;111;108;3.45;6700;3200;3.55;▶;6028-2Z;6028-Z;;;162;–;–;192;2;149;162;201;2;0.025;16
615;140;250;42;165;150;4.55;5300;3400;7.75;▶;6228;–;;;175;–;213;–;3;154;–;236;2.5;0.025;15
616;140;250;42;165;150;4.55;5300;4800;9.4;;6228MA;–;;;175;–;214;–;3;154;–;236;2.5;0.025;15
617;140;300;62;251;245;7.1;4800;3000;18.5;▶;6328;–;;;190;–;249;–;4;157;–;283;3;0.03;14
618;140;300;62;251;245;7.1;4800;4300;21;▶;6328M;–;;;190;–;249;–;4;157;–;283;3;0.03;14
619;150;190;20;48.8;61;1.96;6700;4300;1.2;▶;61830;–;;150;162;–;178;–;2.5;156;–;184;1;0.015;17
620;150;190;20;48.8;61;1.96;6700;4300;1.35;▶;61830MA;–;;;162;–;178;–;1.1;156;–;184;1;0.015;17
621;150;210;28;88.4;93;2.9;6300;5300;3.05;;61930MA;–;;;169;–;192;–;2;159;–;201;2;0.02;16
622;150;225;24;92.2;98;3.05;6000;3800;3.15;▶;16030;–;;;174;–;200;–;1.1;156;–;219;1;0.02;17
623;150;225;35;125;125;3.9;6000;5000;4.9;▶;6030M;–;;;174;–;–;206;2.1;160;–;215;2;0.025;16
624;150;225;35;125;125;3.9;6000;3800;4.3;▶;6030;–;;;174;–;–;206;2.1;160;–;215;2;0.025;16
625;150;225;35;125;125;3.9;–;1700;4.35;▶;6030-2RS1;6030-RS1;;;174;–;–;206;2.1;160;173;215;2;0.025;16
626;150;225;35;125;125;3.9;6000;3000;4.4;▶;6030-2Z;6030-Z;;;174;–;–;206;2.1;160;173;215;2;0.025;16
627;150;270;45;174;166;4.9;5000;3200;10;▶;6230;–;;;190;–;228;–;3;164;–;256;2.5;0.025;15
628;150;270;45;174;166;4.9;5000;4500;11.5;▶;6230M;–;;;190;–;228;–;3;164;–;256;2.5;0.025;15
629;150;320;65;276;285;7.8;4300;2800;23;▶;6330;–;;;205;–;264;–;4;167;–;303;3;0.03;14
630;150;320;65;276;285;7.8;4300;4000;25.5;▶;6330M;–;;;205;–;264;–;4;167;–;303;3;0.03;14
631;160;200;20;49.4;64;2;6300;4000;1.25;▶;61832;–;;160;172;–;188;–;1.1;166;–;194;1;0.015;17
632;160;220;28;92.3;98;3.05;6000;3800;2.7;;61932;–;;;179;–;201;–;2;169;–;211;2;0.02;17
633;160;220;28;92.3;98;3.05;6000;5000;3.2;▶;61932MA;–;;;179;–;202;–;2;169;–;211;2;0.02;17
634;160;240;25;99.5;108;3.25;5600;3600;3.65;▶;16032;–;;;185;–;214;–;1.5;167;–;233;1.5;0.02;17
635;160;240;38;143;143;4.3;5600;4800;6;▶;6032M;–;;;185;–;–;219;2.1;169;–;231;2;0.025;16
636;160;240;38;143;143;4.3;5600;3600;5.2;▶;6032;–;;;185;–;–;219;2.1;169;–;231;2;0.025;16
637;160;240;38;143;143;4.3;–;1600;5.3;▶;6032-2RS1;6032-RS1;;;185;–;–;219;2.1;169;185;231;2;0.025;16
638;160;240;38;143;143;4.3;5600;2800;5.4;▶;6032-2Z;6032-Z;;;185;–;–;219;2.1;169;185;231;2;0.025;16
639;160;290;48;186;186;5.3;4500;3000;13;▶;6232;–;;;205;–;243;–;3;174;–;276;2.5;0.025;15
640;160;290;48;186;186;5.3;4500;4300;14;▶;6232M;–;;160;205;–;243;–;3;174;–;276;2.5;0.025;15
641;160;340;68;276;285;7.65;4000;2600;26;▶;6332;–;;cont;218;–;281;–;4;177;–;323;3;0.03;14
642;160;340;68;276;285;7.65;4000;3800;30;▶;6332M;–;;;218;–;281;–;4;177;–;323;3;0.03;14
643;170;215;22;61.8;78;2.4;6000;3600;1.65;▶;61834;–;;170;184;–;202;–;1.1;176;–;209;1;0.015;17
644;170;230;28;93.6;106;3.15;5600;4800;3.35;;61934MA;–;;;189;–;212;–;2;179;–;221;2;0.02;17
645;170;260;28;119;129;3.75;5300;3200;5;▶;16034;–;;;200;–;229;–;1.5;177;–;253;1.5;0.02;16
646;170;260;42;168;173;5;5300;3200;7;;6034;–;;;198;–;232;–;2.1;180;–;250;2;0.025;16
647;170;260;42;168;173;5;5300;4300;8.15;▶;6034M;–;;;198;–;232;–;2.1;180;–;250;2;0.025;16
648;170;310;52;212;224;6.1;4300;2800;16;▶;6234;–;;;218;–;259;–;4;187;–;293;3;0.025;15
649;170;310;52;212;224;6.1;4300;3800;17.5;▶;6234M;–;;;218;–;259;–;4;187;–;293;3;0.025;15
650;170;360;72;312;340;8.8;3800;2400;31;▶;6334;–;;;230;–;299;–;4;187;–;343;3;0.03;14
651;170;360;72;312;340;8.8;3800;3400;35;▶;6334M;–;;;230;–;299;–;4;187;–;343;3;0.03;14
652;180;225;22;62.4;81.5;2.45;5600;3400;1.75;▶;61836;–;;180;194;–;211;–;1.1;186;–;219;1;0.015;17
653;180;250;33;119;134;3.9;5300;3200;5;;61936;–;;;202;–;228;–;2;189;–;241;2;0.02;17
654;180;250;33;119;134;3.9;5300;4300;5;▶;61936MA;–;;;202;–;229;–;2;189;–;241;2;0.02;17
655;180;280;31;138;146;4.15;4800;3000;6.5;▶;16036;–;;;213;–;246;–;2;189;–;271;2;0.02;16
656;180;280;46;190;200;5.6;4800;3000;9.1;;6036;–;;;212;–;248;–;2.1;190;–;270;2;0.025;16
657;180;280;46;190;200;5.6;4800;4000;10.5;▶;6036M;–;;;212;–;248;–;2.1;190;–;270;2;0.025;16
658;180;320;52;229;240;6.4;4000;2600;16;;6236;–;;;226;–;274;–;4;197;–;303;3;0.025;15
659;180;320;52;229;240;6.4;4000;3800;18;▶;6236M;–;;;226;–;274;–;4;197;–;303;3;0.025;15
660;180;380;75;351;405;10.4;3600;2200;36.5;▶;6336;–;;;244;–;315;–;4;197;–;363;3;0.03;14
661;180;380;75;351;405;10.4;3600;3200;41;▶;6336M;–;;;244;–;315;–;4;197;–;363;3;0.03;14
662;190;240;24;76.1;98;2.8;5300;3200;2.25;▶;61838;–;;190;206;–;224;–;1.5;197;–;233;1.5;0.015;17
663;190;260;33;117;134;3.8;5000;3200;4.5;;61938;–;;;212;–;238;–;2;199;–;251;2;0.02;17
664;190;260;33;117;134;3.8;5000;4300;5.2;▶;61938MA;–;;;212;–;239;–;2;199;–;251;2;0.02;17
665;190;290;31;148;166;4.55;4800;3000;6.9;▶;16038;–;;;223;–;256;–;2;199;–;281;2;0.02;16
666;190;290;46;195;216;5.85;4800;3000;9.55;;6038;–;;;222;–;258;–;2.1;200;–;280;2;0.025;16
667;190;290;46;195;216;5.85;4800;3800;11;▶;6038M;–;;;222;–;258;–;2.1;200;–;280;2;0.025;16
668;190;340;55;255;280;7.35;3800;2400;19.5;▶;6238;–;;;239;–;290;–;4;207;–;323;3;0.025;15
669;190;340;55;255;280;7.35;3800;3400;21.5;▶;6238M;–;;;239;–;290;–;4;207;–;323;3;0.025;15
670;190;400;78;371;430;10.8;3400;2200;42;;6338;–;;;259;–;331;–;5;210;–;380;4;0.03;14
671;190;400;78;371;430;10.8;3400;3000;47.5;▶;6338M;–;;;259;–;331;–;5;210;–;380;4;0.03;14
672;200;250;24;76.1;102;2.9;5000;3200;2.35;▶;61840;–;;200;216;–;234;–;1.5;207;–;243;1.5;0.015;17
673;200;280;38;148;166;4.55;4800;3000;6.3;;61940;–;;;225;–;255;–;2.1;210;–;270;2;0.02;16
674;200;280;38;148;166;4.55;4800;3800;7.3;▶;61940MA;–;;;225;–;256;–;2.1;210;–;270;2;0.02;16
675;200;310;34;168;190;5.1;4300;2800;8.8;▶;16040;–;;200;237;–;273;–;2;209;–;301;2;0.02;16
676;200;310;51;216;245;6.4;4300;2800;12.5;;6040;–;;cont;235;–;275;–;2.1;210;–;300;2;0.025;16
677;200;310;51;216;245;6.4;4300;3600;14;▶;6040M;–;;;235;–;275;–;2.1;210;–;300;2;0.025;16
678;200;360;58;270;310;7.8;3600;2200;23.5;;6240;–;;;254;–;303;–;4;217;–;343;3;0.025;15
679;200;360;58;270;310;7.8;3600;3200;26;▶;6240M;–;;;254;–;303;–;4;217;–;343;3;0.025;15
680;220;270;24;78;110;3;4500;2800;2.55;▶;61844;–;;220;236;–;254;–;1.5;227;–;263;1.5;0.015;17
681;220;300;38;151;180;4.75;4300;2600;6.8;;61944;–;;;245;–;275;–;2.1;230;–;290;2;0.02;17
682;220;300;38;151;180;4.75;4300;3600;7.95;▶;61944MA;–;;;245;–;276;–;2.1;230;–;290;2;0.02;17
683;220;340;37;174;204;5.2;4000;2400;11.5;▶;16044;–;;;261;–;298;–;2.1;230;–;330;2;0.02;17
684;220;340;56;247;290;7.35;4000;2400;16;;6044;–;;;258;–;302;–;3;233;–;327;2.5;0.025;16
685;220;340;56;247;290;7.35;4000;3200;18.5;▶;6044M;–;;;258;–;302;–;3;233;–;327;2.5;0.025;16
686;220;400;65;296;365;8.8;3200;2000;33.5;;6244;–;;;282;–;335;–;4;237;–;383;3;0.025;15
687;220;400;65;296;365;8.8;3200;3000;36.5;▶;6244M;–;;;282;–;335;–;4;237;–;383;3;0.025;15
688;220;460;88;410;520;12;3000;2600;73;▶;6344M;–;;;301;–;379;–;5;240;–;440;4;0.03;14
689;240;300;28;108;150;3.8;4000;2600;3.9;▶;61848;–;;240;259;–;281;–;2;249;–;291;2;0.015;17
690;240;320;38;159;200;5.1;4000;2400;7.3;;61948;–;;;265;–;295;–;2.1;250;–;310;2;0.02;17
691;240;320;38;159;200;5.1;4000;3200;8.55;▶;61948MA;–;;;265;–;296;–;2.1;250;–;310;2;0.02;17
692;240;360;37;203;255;6.3;3600;2200;12.5;▶;16048;–;;;279;–;318;–;2.1;250;–;350;2;0.02;17
693;240;360;37;203;255;6.3;3600;3000;14;▶;16048MA;–;;;279;–;321;–;2.1;250;–;350;2;0.02;17
694;240;360;56;255;315;7.8;3600;2200;17;;6048;–;;;277;–;322;–;3;253;–;347;2.5;0.025;16
695;240;360;56;255;315;7.8;3600;3000;19.5;▶;6048M;–;;;277;–;322;–;3;253;–;347;2.5;0.025;16
696;240;440;72;358;465;10.8;3000;2600;51;▶;6248M;–;;;309;–;371;–;4;257;–;423;3;0.025;15
697;240;500;95;442;585;12.9;2600;2400;97;;6348M;–;;;331;–;409;–;5;260;–;480;4;0.03;15
698;260;320;28;111;163;4;3800;2400;4.15;▶;61852;–;;260;279;–;301;–;2;269;–;311;2;0.015;17
699;260;360;46;212;270;6.55;3600;2200;12;;61952;–;;;291;–;329;–;2.1;270;–;350;2;0.02;17
700;260;360;46;212;270;6.55;3600;3000;14.5;▶;61952MA;–;;;291;–;330;–;2.1;270;–;350;2;0.02;17
701;260;400;44;238;310;7.2;3200;2000;18;;16052;–;;;307;–;351;–;3;273;–;387;2.5;0.02;16
702;260;400;44;238;310;7.2;3200;2800;22.5;▶;16052MA;–;;;307;–;353;–;3;273;–;387;2.5;0.02;16
703;260;400;65;291;375;8.8;3200;2000;25;;6052;–;;;304;–;356;–;4;277;–;383;3;0.025;16
704;260;400;65;291;375;8.8;3200;2800;29;▶;6052M;–;;;304;–;356;–;4;277;–;383;3;0.025;16
705;260;480;80;390;530;11.8;2600;2400;65.5;▶;6252M;–;;;337;–;403;–;5;280;–;460;4;0.025;15
706;280;350;33;138;200;4.75;3400;2200;6.25;▶;61856;–;;280;302;–;327;–;2;289;–;341;2;0.015;17
707;280;350;33;138;200;4.75;3400;2800;7.25;▶;61856MA;–;;;302;–;328;–;3.8;289;–;341;2;0.015;17
708;280;380;46;216;285;6.7;3200;2000;12;;61956;–;;;311;–;349;–;2.1;291;–;369;2;0.02;17
709;280;380;46;216;285;6.7;3200;2800;15.5;▶;61956MA;–;;;311;–;350;–;2.1;291;–;369;2;0.02;17
710;280;420;44;242;335;7.5;3000;1900;19;;16056;–;;;327;–;371;–;3;293;–;407;2.5;0.02;17
711;280;420;44;242;335;7.5;3000;2600;23.5;▶;16056MA;–;;;327;–;374;–;3;293;–;407;2.5;0.02;17
712;280;420;65;302;405;9.3;3000;1900;26;;6056;–;;;324;–;376;–;4;296;–;404;3;0.025;16
713;280;420;65;302;405;9.3;3000;2600;31;▶;6056M;–;;;324;–;376;–;4;296;–;404;3;0.025;16
714;280;500;80;423;600;12.9;2600;2200;72;;6256M;–;;;355;–;425;–;5;300;–;480;4;0.025;15
715;300;380;38;172;245;5.6;3200;2000;8.9;▶;61860;–;;300;325;–;355;–;2.1;309;–;371;2;0.015;17
716;300;380;38;172;245;5.6;3200;2600;10.5;▶;61860MA;–;;;325;–;356;–;2.1;309;–;371;2;0.015;17
717;300;420;56;270;375;8.3;3000;1900;19;;61960;–;;;338;–;382;–;3;313;–;407;2.5;0.02;16
718;300;420;56;270;375;8.3;3000;2400;24.5;▶;61960MA;–;;;338;–;384;–;3;313;–;407;2.5;0.02;16
719;300;460;50;286;405;8.8;2800;1800;32;▶;16060MA;–;;;352;–;407;–;4;315;–;445;3;0.02;16
720;300;460;74;358;500;10.8;2800;2400;44;▶;6060M;–;;;351;–;409;–;4;315;–;445;3;0.025;16
721;300;540;85;462;670;13.7;2400;2000;88.5;;6260M;–;;;383;–;457;–;5;320;–;520;4;0.025;15
722;320;400;38;172;255;5.7;3000;1900;9.5;;61864;–;;320;345;–;375;–;2.1;332;–;388;2;0.015;17
723;320;400;38;172;255;5.7;3000;2400;11;▶;61864MA;–;;;345;–;376;–;2.1;332;–;388;2;0.015;17
724;320;440;56;276;400;8.65;2800;2400;25.5;▶;61964MA;–;;;357;–;403;–;3;333;–;427;2.5;0.02;16
725;320;480;50;281;405;8.65;2600;2200;34;▶;16064MA;–;;;372;–;428;–;4;335;–;465;3;0.02;17
726;320;480;74;371;540;11.4;2600;2200;46;▶;6064M;–;;;370;–;431;–;4;335;–;465;3;0.025;16
727;340;420;38;178;275;6;2800;1800;10;;61868;–;;340;365;–;395;–;2.1;352;–;408;2;0.015;17
728;340;420;38;178;275;6;2800;2400;11.5;▶;61868MA;–;;;365;–;396;–;2.1;352;–;408;2;0.015;17
729;340;460;56;281;425;9;2600;2200;26.5;▶;61968MA;–;;;378;–;422;–;3;353;–;447;2.5;0.02;17
730;340;520;57;345;520;10.6;2400;2000;45;;16068MA;–;;;398;–;462;–;4;355;–;505;3;0.02;16
731;340;520;82;423;640;13.2;2400;2200;62;▶;6068M;–;;;397;–;463;–;5;360;–;500;4;0.025;16
732;360;440;38;182;285;6.1;2600;2200;12;▶;61872MA;–;;360;385;–;415;–;2.1;372;–;428;2;0.015;17
733;360;480;56;291;450;9.15;2600;2200;28;▶;61972MA;–;;;398;–;443;–;3;373;–;467;2.5;0.02;17
734;360;540;57;351;550;11;1800;1400;49;;16072MA;–;;;418;–;482;–;4;375;–;525;3;0.02;16
735;360;540;82;442;695;14;2400;1900;64.5;▶;6072M;–;;;416;–;485;–;5;378;–;522;4;0.025;16
736;380;480;46;242;390;8;2400;2000;20;▶;61876MA;–;;380;412;–;449;–;2.1;392;–;468;2;0.015;17
737;380;520;65;338;540;10.8;2400;1900;40;▶;61976MA;–;;;425;–;476;–;4;395;–;505;3;0.02;17
738;380;560;57;377;620;12.2;2200;1400;51;;16076MA;–;;;443;–;497;–;4;395;–;545;3;0.02;17
739;380;560;82;436;695;13.7;2200;1800;70.5;▶;6076M;–;;;437;–;503;–;5;400;–;542;4;0.025;16
740;400;500;46;247;405;8.15;2400;1900;20.5;▶;61880MA;–;;400;432;–;471;–;2.1;412;–;488;2;0.015;17
741;400;540;65;345;570;11.2;2200;1800;41.5;▶;61980MA;–;;;445;–;496;–;4;415;–;525;3;0.02;17
742;400;600;90;520;865;16.3;2000;1700;87.5;▶;6080M;–;;;463;–;537;–;5;418;–;582;4;0.025;16
743;420;520;46;251;425;8.3;2200;1800;21.5;▶;61884MA;–;;420;452;–;491;–;2.1;432;–;508;2;0.015;17
744;420;560;65;351;600;11.4;2200;1800;43;▶;61984MA;–;;;465;–;516;–;4;435;–;545;3;0.02;17
745;420;620;90;507;880;16.3;2000;1600;91.5;;6084M;–;;;482;–;557;–;5;438;–;602;4;0.025;16
746;440;540;46;255;440;8.5;2200;1800;22.5;▶;61888MA;–;;440;472;–;510;–;2.1;452;–;528;2;0.015;17
747;440;600;74;410;720;13.2;2000;1600;60.5;;61988MA;–;;;492;–;549;–;4;455;–;585;3;0.02;17
748;440;650;94;553;965;17.6;1900;1500;105;;6088M;–;;;506;–;584;–;6;463;–;627;5;0.025;16
749;460;580;56;319;570;10.6;2000;1600;35;▶;61892MA;–;;460;498;–;542;–;3;473;–;567;2.5;0.015;17
750;460;620;74;423;750;13.7;1900;1600;62.5;;61992MA;–;;;511;–;569;–;4;476;–;604;3;0.02;17
751;460;680;100;582;1060;19;1800;1500;120;;6092MB;–;;;528;–;614;–;6;483;–;657;5;0.025;16
752;480;600;56;325;600;10.8;1900;1600;36.5;▶;61896MA;–;;480;518;–;564;–;3;493;–;587;2.5;0.015;17
753;480;650;78;449;815;14.6;1800;1500;74;;61996MA;–;;;535;–;595;–;5;498;–;632;4;0.02;17
754;480;700;100;618;1140;20;1700;1400;125;;6096MB;–;;;550;–;630;–;6;503;–;677;5;0.025;16
755;500;620;56;332;620;11.2;1800;1500;40.5;▶;618/500MA;–;;500;538;–;582;–;3;513;–;607;2.5;0.015;17
756;500;670;78;462;865;15;1700;1400;81.5;;619/500MA;–;;;555;–;617;–;5;518;–;652;4;0.02;17
757;500;720;100;605;1140;19.6;1600;1300;135;;60/500N1MAS;–;;;568;–;650;–;6;523;–;697;5;0.025;16
758;530;650;56;332;655;11.2;1700;1400;39.5;▶;618/530MA;–;;530;568;–;613;–;3;543;–;637;2.5;0.015;17
759;530;710;82;488;930;15.6;1600;1300;90.5;;619/530MA;–;;;587;–;653;–;5;548;–;692;4;0.02;17
760;530;780;112;650;1270;20.8;1500;1200;185;;60/530N1MAS;–;;;612;–;700;–;6;553;–;757;5;0.025;16
761;560;680;56;345;695;11.8;1600;1300;42;▶;618/560MA;–;;560;598;–;644;–;3;573;–;667;2.5;0.015;17
762;560;750;85;494;980;16.3;1500;1200;105;;619/560MA;–;;;622;–;689;–;5;578;–;732;4;0.02;17
763;560;820;115;663;1370;22;1400;1200;210;;60/560N1MAS;–;;;648;–;732;–;6;583;–;797;5;0.025;16
764;600;730;60;364;765;12.5;1500;1200;52;▶;618/600MA;–;;600;642;–;688;–;3;613;–;717;2.5;0.015;17
765;600;800;90;585;1220;19.6;1400;1100;125;;619/600MA;–;;;663;–;736;–;5;618;–;782;4;0.02;17
766;600;870;118;728;1500;23.6;1300;1100;230;;60/600MA;–;;;689;–;781;–;6;623;–;847;5;0.025;16
767;630;780;69;442;965;15.3;1400;1100;73;▶;618/630MA;–;;630;678;–;732;–;4;645;–;765;3;0.015;17
768;630;850;100;624;1340;21.2;1300;1100;160;;619/630N1MA;–;;;702;–;778;–;6;653;–;827;5;0.02;17
769;630;920;128;819;1760;27;1200;1000;285;;60/630N1MBS;–;;;725;–;825;–;7.5;658;–;892;6;0.025;16
770;670;820;69;442;1000;15.6;1300;1100;83.5;▶;618/670MA;–;;670;718;–;772;–;4;685;–;805;3;0.015;17
771;670;900;103;676;1500;22.4;1200;1000;192;;619/670MA;–;;;745;–;825;–;6;693;–;877;5;0.02;17
772;670;980;136;904;2040;30;1100;900;345;;60/670N1MAS;–;;;771;–;878;–;7.5;698;–;952;6;0.025;16
773;710;870;74;475;1100;16.6;1200;1000;93.5;▶;618/710MA;–;;710;761;–;818;–;4;725;–;855;3;0.015;17
774;710;950;106;663;1500;22;1100;900;220;;619/710MA;–;;;790;–;870;–;6;733;–;927;5;0.02;17
775;710;1030;140;956;2200;31.5;1000;850;382;;60/710MA;–;;;811;–;928;–;7.5;738;–;1002;6;0.025;16
